похожесть,сеть,название у сети,кандидат
0.906,bazarstore,BOL ƏT DANA BÖYRƏK KQ 1 KG,Ət Dana Böyrək kq
0.889,bazarstore,SEVİMLİ DAD KOLBASA KÜBAR ZERNISTAYA KQ 1 KG,Kolbasa Sevimli Dad Zernistaya kq
0.885,bazarstore,DR.OETKER PUDİNQ 120 Q BANANLI,Dr.Oetker Puding Bananlı 120 Gr
0.875,bazarstore,BİZİM SÜFRƏ SEZAR SOUS 200 ML,Bizim Sufre Sezar Sous 200 Ml/184qr
0.862,bazarstore,SOÇİ KOLBASA DOKTORSKAYA BİŞMİŞ KQ 1 KG,Kolbasa Sab Doktorskaya kq
0.862,bazarstore,LAYS STAX CİPS 140 Q XAMA SOĞAN,Lays 140 qr Çips Xama-Soğan
0.855,bravo,Lady Cotton Pambıq Disklər  80+20 ədəd,Pambiq Disk Lady Cotton 80+20 Əd 4744246013016
0.849,bazarstore,ELİDOR ŞAMPUN 400 ML+200 ML ƏSMƏR PARLAK,Elidor 400 ml Şampun Əsmər Parlaqlıq
0.849,bazarstore,DONDURULMUŞ BÜTÖV TOYUQ KQ 1 KG,Simurq Bütöv Toyuq Dondurulmuş kg
0.849,bazarstore,İSLAMİ KƏSİM TƏZƏ TOYUQ PAKET KQ 1 KG,İslami Kəsim Təzə Toyuq Filesi 1 kq
0.844,bazarstore,SİYƏZƏN D.T QOŞA QABDA DONDURULMUŞ KQ 1 KG,Siyəzən Farş Dondurulmuş Qabda Kq
0.844,bazarstore,SİYƏZƏN D.T FİLE QABDA DONDURULMUŞ KQ 1 KG,Siyəzən Farş Dondurulmuş Qabda Kq
0.843,bazarstore,BROKOLİ KQ 1 KG,BROKOLİ KQ 1 KG
0.843,bazarstore,SARIKIZ MİNERAL SU 200 ML NAR 6LI,Sarıkız Mineral Su Ekstra Nar 200 ml
0.843,bazarstore,LAYS STAX CİPS 140 Q PAPRİKA,Lays Çips Paprika 140 qr
0.828,bazarstore,ZİRƏ POMİDORU KQ 1 KG,Pomidor Zirə 1kq 2502
0.827,bazarstore,MR.PEPPER KAKAO 80 Q,Mr.Pepper Kakao Tozu Qutu 80 Gr
0.827,bazarstore,KARTOF AÇIQ YUYULMUŞ KQ 1 KG,Kartof Yuyulmuş kq
0.827,bazarstore,KARTOF AÇIQ YUYULMUŞ KQ 1 KG,Yuyulmuş Kartof kq
0.824,bazarstore,SMART AYAQQABI BOYASI SPREY 100 ML NABK,Smart Ayaqqabı Boyası Sprey Qara 100ml
0.82,bazarstore,MAKARA MAKARON 500 Q BURGU,Ankara Makaron Burğu 500 qr
0.82,bazarstore,MACCOFFEE CAFE PHO 24 Q,Maccoffee 3x1 Cafe Pho Cofee 24 Qr
0.819,bazarstore,QIRMIZI TURP KQ 1 KG,MVT Turp Qırmızı kq
0.819,bravo,Pomidor Zirə 1kq 2502,MVT Pomidor Zirə kq
0.819,neptun,Mountain Dew Sok 1 l,Mountain Dew 1lt
0.818,bazarstore,ARKO SABUN 90 Q BAL,Arko Sabun Bal+Krem 90 qr
0.818,bazarstore,KARMEN MAKARON QƏLƏM KQ 1 KG,KARMEN MAKARON ÜZÜK KQ 1 KG
0.818,bazarstore,KARMEN MAKARON BURMA KQ 1 KG,KARMEN MAKARON ÜZÜK KQ 1 KG
0.818,bazarstore,ANKARA MAKARON 500 Q QƏLƏM,Ankara Makaron 500 qr
0.818,bazarstore,SANDORA GOLD M.ŞİRƏSİ 950 ML YAŞIL ALMA,Sandora 0.95lt Meyvə Şirəsi Yaşıl Alma Paket
0.817,bazarstore,VİCİ KREVETKA TİGOVIE BAŞSIZ KQ 1 KG,Vici Krevetka Başsız 16/20   1kg
0.817,bazarstore,NESTLE SÜDLÜ ŞOKOLAD KQ 1 KG,Nestle KİT-KAT Südlü şokolad kq
0.817,bazarstore,HACI TURQAY SARDELKA İVERİYA KQ 1 KG,Hacı Turqay Sardelka Kq 30214
0.817,bazarstore,BADAMLI SU 500 ML QAZLI,Badamlı Qazlı Su 500 ml Şüşə qab
0.817,bazarstore,ÇERKİZ SERVELAT 85 Q NAREZ SERVELETTI,Cerk Narez Serveletti 85 Qr
0.817,bazarstore,UZUN ÖMÜR KƏSMİK ŞİRİN KQ 1 KG,Uzun Ömür İvanovka Şirin Kəsmik kq
0.817,bazarstore,SLOBODA ZEYTUNLU GÜNƏBAXAN YAĞI 1 L,Sloboda Günəbaxan Yağı 1 l
0.817,bazarstore,FUSE TEA MANGO VE ANANAS 300 ML,Fuse Tea Ice Tea Manqo-Ananas 300 ml
0.817,bazarstore,SMART AYAQQABI BOYASI 60 ML QARA,Smart Collection Ayaqqabı Boyası Qara 60 ml
0.816,bazarstore,KONFİROM NUTTY ŞOKOLAD KG 1 KG,Konfirom Nutata Şokolad kq
0.816,bazarstore,STARODVORYE SOSİSKA DATSKIYE KQ 1 KG,Starodvorye Sosis Datskiy 1 kg
0.815,bravo,Ananas 1əd 12024,Ananas 1 əd
0.815,araz,Roshen Minky Binky Assorti Karamel kq,ROSHEN MINKY BINKY İRİS 1 KQ PAKET
0.815,bazarstore,BIZIM SUFRE KETÇUP KLASSİK 350 Q PL,Bizim Süfrə Ketçup Klassik Paket 350 qr
0.815,bazarstore,BIZIM SUFRE KETÇUP KLASSİK 350 Q PL,Bizim Süfrə Ketçup Klassik 350 qr
0.815,neptun,Fruktovıy Sad Portağal Şirəsi 1 l,Sok Fruktovıy Sad Portağal T/p 1lt 4601201001368
0.813,bravo,Roshen Johnny Krocker Şokoladlı Vafli kq 1888,Roshen Johnny Krocker Şokolad kq
0.813,bazarstore,ÜZÜM KİŞMİŞ QIRMIZI KQ 1 KG,MVT Üzüm Kişmişi Qırmızı kq
0.813,bazarstore,DR.MİLK KAUNAS XAMA 350 Q 20%,Dr.Milk  Xama Kaunasskaya 20%  350 qr
0.813,bazarstore,DR.MİLK KAUNAS XAMA 200 Q 20%,Dr.Milk  Xama 20% Kaunasskaya 200 qr
0.813,araz,Ləzzət Donmuş Paket Toyuq kg,Ləzzət Toyuq Paket Dondurulmuş kg
0.812,bravo,Mentos Pure Saqqız Qarpız 54qr,Mentos Saqqız Pure Fresh Qarpız Banka 54 qr
0.811,bazarstore,HALAL DAD HİSƏVERİLMİŞ TOYUQ BOĞAZ KQ 1 KG,Halal Dad Hisə Verilmiş Toyuq Boğazı kq
0.811,bazarstore,SAVILLE MAKARON 500 Q FIRIN,Saville Makaron Fırın Bucatini 500 qr
0.81,bazarstore,OVQAT KOLBASA LYUBİTELSKAYA KQ 1 KG,Ovqat Lyubitelskaya Kq 6131
0.81,bazarstore,BARNİ BİSKVİT 150 Q SÜDLÜ,Barni 150 qr Biskvit Südlü İçliklə
0.81,bazarstore,VİCİ BALIQ BURGERİ FİQUR KQ 1 KG,Vici Balıq Burger kg
0.809,bazarstore,GERDA KƏRƏ YAĞI ALMAN KQ 1 KG,Gerda Kərə Yağı 1kq 118
0.809,bazarstore,BULLEIT BOURBON VİSKİ 700 ML,Bulleit Bourbon 700ml 5000281038018
0.809,araz,Gerda Kərə Yağı 82% kq,Kərə Yağı Gerda 82% Alman kq
0.808,bravo,Brokoli 1kq 2545,BROKOLI YERLI KG 1 KG
0.808,bazarstore,YURDUM KƏSMİK KQ 1 KG,Kəsmik Sadə Yurdum kq
0.808,bravo,Mercan Təzə Toyuq Bud Qabda kq,MƏRCAN TƏZƏ TOYUQ BUD DİBİ QABDA KQ 1 KG
0.808,bazarstore,BİZİM SÜFRƏ KETÇUP KLASSİK 1 KQ,Bizim Süfrə 1000 qr Ketçup Klassik (Plastik Qabda)
0.807,bazarstore,KONFETI MOLOCNAYA AZOVSKAYA KOROVKA NA 1 KG,AZOVSKAYA KOROVKA KQ 1 KG
0.807,bazarstore,SİYƏZƏN D.T QANAD QABDA DONDURULMUŞ KQ 1 KG,Siyəzən Farş Dondurulmuş Qabda Kq
0.805,neptun,Makfa 400 qr Lopalar Qerkules Ənənəvi Qutu,Qerkules Makfa Lopalar 400gr
0.804,bazarstore,BUZZ COLA 250 ML BANKA,Buzz Cola 250ml D/q
0.804,bazarstore,ANKARA VİT.MAKARON 500 Q RİGATONİ,Ankara Vit Makaron 500 qr
0.804,bazarstore,BAGDAN KOMPOT 1 L ALBALI,Gilan Bağdan 1lt Albalı Kompotu
0.804,bazarstore,HACI TURQAY SOSİSKA KÖZLƏMƏ QAB KQ 1 KG,HACI TURQAY SOSİSKA KÖZLƏMƏ KQ 1 KG
0.804,neptun,Roshen Lovita Peçenye Şokoladlı 150 qr,Lovita Pechenye Şokoladlı 150 Qr
0.804,bravo,Mərcan Donmuş Toyuq Qanadi Qab 1kq 3624,MƏRCAN TOYUQ QANADI DONDURULMUŞ QABDA KQ 1 KG
0.803,bazarstore,CƏNNƏT SOSİSKA KQ 1 KG,Cənnət Sosiskalar kq
0.803,bazarstore,MİLLA AYRAN 1 L NANƏLİ BUTULKA,Milla Ayran Nanəli 1 l
0.803,bazarstore,ROSHEN COFFE LIKE KARAMEL KQ 1 KG,Roshen Coffeelike Karamel kq
0.802,bazarstore,HALAL NEMƏT SOSİSKA MANQAL ÜSTÜ KQ 1 KG,Halal Nemət Manqalüstü Sosis 1kq 606
0.802,bazarstore,BIZIM SUFRE KETÇUP KLASSİK 200 Q PKT,Bizim Süfrə Ketçup Klassik 200 qr
0.801,bazarstore,KARMEN MAKARON SPİRAL KQ 1 KG,KARMEN MAKARON ÜZÜK KQ 1 KG
0.801,bazarstore,UVELKA QARABAŞAQ 800 Q,Uvelka 800 qr Qarabaşaq Ekstra
0.801,neptun,Pfanner Marakuya Şirəsi 1 L,Pfanner Marakuya 1lt 9006900218751
0.801,neptun,Mərcan Toyuq Tabaka kq,Mərcan Toyuq Paket kq
0.801,bazarstore,BETA ÇAY SELECTED QUALİTY 25*2 Q ZƏRFLİ,Beta Tea Selected Quality Çay 25x2 qr
0.801,bazarstore,ECE YAŞIL ZEYTUN TUMLU KQ 1 KG,Zeytun Olive Yaşıl Tumlu kg
0.8,bazarstore,CAN PA NOĞUL KEŞNİŞLİ KQ 1 KG,Noğul Canpa Keşnişli kq
0.8,bazarstore,SİYƏZƏN D.T TOYUQ QABDA DONDURULMUŞ KQ 1 KG,Siyəzən Farş Dondurulmuş Qabda Kq
0.8,bazarstore,ALAFRAN PERSOL 200 Q,Alafran Ağardıcı Persol 200 gr
0.8,bazarstore,CARLSBERG PİVƏ 450 ML BANKA,Carlsberg Pivə 450 ml
0.8,bazarstore,CARLSBERG PİVƏ 450 ML BANKA,Carlsberg Pivə 0.45 l
0.8,bazarstore,KİNDER ŞOKOLAD 50 Q 4 EDED,Kinder Şokolad 4bars 50qr 80177609
0.8,bravo,Kinder Şokolad 100qr,Kinder Şokolad 8bars 100qr 40084701
0.8,araz,TP Kişmiş Sarı Özbək kg,TP Kişmiş Sarı kg
0.8,neptun,Karamel Skazka kq,RAHAT KARAMEL SKAZKA KQ 1 KG
0.798,bazarstore,BEST BEEF SERVELAT NAZİK UZUN KQ 1 KG,Best B. Servelat Nazik 1 kq
0.798,bazarstore,KRAL VETÇİNA KQ 1 KG,Kral Halal Vetcina kg
0.797,neptun,French Cow Kərə Yağı Fransız 82% 1 kq,Yağ French Cow Fransız 82% 1kq 3256760108198
0.797,bazarstore,QARA KİŞMİŞ ÖZBƏK KQ 250 gr,Kişmiş Özbək 250 qr
0.797,bazarstore,QARA KİŞMİŞ LÜKS ÖZBƏK KQ 250 gr,Kişmiş Özbək 250 qr
0.797,bazarstore,ANKARA SARI NOXUD 800 Q,Ankara 800 qr Noxud Paket
0.797,bazarstore,ABSOLUT ARAQ 500 ML MAVİ,Araq Absolut 500ml 7312040017072
0.797,neptun,Lays Çips Paprika 140 qr,Lays Paprika 140qr
0.797,bazarstore,LUKAS ALBALI SUFLE SOKOLAD KG 1 KG,Lukasía Albalı və Süffləli Şokolad kq
0.797,bazarstore,MƏRCAN TƏZƏ TOYUQ BUD BUTULKA QABDA KQ 1 KG,MƏRCAN TƏZƏ TOYUQ BUD BUTULKA AÇIQ KQ 1 KG
0.797,bazarstore,MİLKA ŞOKOLAD 110 Q SÜDLÜ FINDIQLI,Milka 110 qr Südlü Şokolad Qutu
0.796,neptun,Pfanner Yaşıl Alma şirəsi 1 L,Sok Pfanner Yaşıl Alma 1lt 9006900017569
0.796,neptun,Ülker İçim Labne Krem Pendir 200 qr,Icim Pendir Labne 200 Qr
0.795,bazarstore,ROSHEN MINKY BINKY İRİS 1 KQ PAKET,Roshen Minky Binky Qarışıq Meyvəli Iris kq 4037
0.795,bravo,Mercan Təzə Toyuq Bud Qabda kq,Mercan Təzə Toyuq Qabda kq
0.795,bravo,Cpl Kəsmik 1kq 6497,Cpl Kəsmik Çəkili 1 kq
0.795,bazarstore,MUMTAZ DÜYÜ 1.7 KQ BANKA,"Düyü Mumtaz 1,7kg Premium Banka 7781"
0.795,bazarstore,ROSHEN BARBARIS KQ 1 KG,Roshen Karamelkino Barbaris Karamel kq
0.794,neptun,Protex Maye Sabun Freş 300 ml,Sabun Protex Maye Liguid Fresh 300ml 8693495022484
0.794,bazarstore,AURA TUALET KAĞIZI 4 LÜ NAXIŞLI 3 QAT,Aura Tualet Kağızı 3 Qat Ətirli 4lu
0.794,bazarstore,OXYWHİTE AĞARDICI MAYE 1 L QAR,Oxywhite Ağardıcı Maye Okean 1 l
0.793,bazarstore,BOL ƏT DANA ƏTI SÜMÜKLÜ KQ 1 KG,Ət Dana Sümüklü Ət kq
0.792,bazarstore,ROSHEN FUDGENTA KQ 1 KG,Roshen Fudgenta Korovka Konfet kq
0.792,neptun,Cerkizovo 400 qr Kolbasa Südlü Po-Çerkizovski,Çerkizovo Südlü 400qr 4605025027405
0.791,bazarstore,MƏRCAN TƏZƏ TOYUQ PƏTƏNƏK AÇIQ KQ 1 KG,Mərçan Toyuq Pətənək kq
0.791,bazarstore,WİPELEX AĞARDICI GEL 750 ML POWER MAX,Wipelex Agardıcı Gel 750ml
0.791,bazarstore,WİPELEX AĞARDICI GEL 750 ML POWER MAX,Wipelex Agardıcı Gel 2X 750ml
0.791,bravo,Mərcan Donmuş Toyuq Qabda 1kq 3616,MƏRCAN QOŞA TOYUQ DONDURULMUŞ QABDA K 1 KG
0.791,bazarstore,SAFEGUARD SABUN 125 Q KLASSİK GÖZ QAMAŞ,Sabun Safeguard Klassik 125qr 4015400930419
0.791,bazarstore,VİCİ KREVETKA BAŞLI SUPER KQ 1 KG,Vici Krevetka Başsız 16/20   1kg
0.791,bazarstore,İRAN BADIMCANI KQ 1 KG,BADIMCAN KQ 1 KG
0.791,bravo,Badımcan 1kq 2391,İRAN BADIMCANI KQ 1 KG
0.791,araz,Badımcan kg,İRAN BADIMCANI KQ 1 KG
0.79,bazarstore,NATAKHTARI LİMONAD 1 L KREMLİ PLS,Natakhtari Limonad Krem 1 l
0.79,bazarstore,HALAL NEMƏT KOLBASA MANQALÜSTÜ LYUB KQ 1 KG,HALAL NEMƏT KOLBASA MANQALÜSTÜ KQ 1 KG
0.789,bazarstore,HH. BALQABAQ 1 KG,BALQABAQ KQ 1 KG
0.789,bravo,Mentos Pure Saqqız Üzüm 54qr,Mentos 54 qr Saqqız Pure Fresh Üzüm Banka
0.789,bazarstore,KAİJA SKUMBRİYA 240 Q TOMATDA,Kaija 240 qr Skumbriya Tomat Sousunda
0.789,bazarstore,BELLO QABYUYAN MAYE 1 L PORTAĞAL,Bello Qabyuyan Maye 2qat Effekt Portağal 1l
0.789,bazarstore,CRYSTALEX DİA QABYUYAN MAYE 450 ML LİMON,Crystalex Qabyuyan Diamond Limon 450ml
0.789,bazarstore,QIRMIZI MƏRCİ KQ 1 KG,Dənli Mərci Qırmızı kq
0.789,bazarstore,QIRMIZI LOBYA KQ 1 KG,Dənli Lobya Qırmızı kq
0.789,bazarstore,QIRMIZI LOBYA 1 KQ,Dənli Lobya Qırmızı kq
0.789,bazarstore,QIRMIZI MƏRCİ 1 KQ,Dənli Mərci Qırmızı kq
0.789,neptun,Xırdalan Lager Pivə 500 ml,Xırdalan 9 Pivə Şüşə 500ml
0.788,bazarstore,BORDO KOLBASA DOKTORSKAYA BİŞMİŞ KQ 1 KG,Kolbasa Sab Doktorskaya kq
0.788,bravo,Sab Doktorskaya Bişmiş Kolbasa 1kq 1821,HİCAZ KOLBASA DOKTORSKAYA KQ 1 KG
0.788,bazarstore,DANA BUD ƏTİ SÜMÜKSÜZ KQ 1 KG,Ət Dana Bel Əti Sümüksüz kq
0.787,bazarstore,BAHLSEN LEIBNIZ BUTTERKEKS PEÇENYƏ 50 QR,Pecenye Leibniz 50gr Butterkeks
0.787,bazarstore,PALMOLİVE SABUN 150 Q ZEYTUN SÜD,Palmolive Sabun Aloe Zeytun 150 qr
0.787,bazarstore,LEBRO FİLE DONDURULMUŞ QABDA KQ 1 KG,Ləzzət Dondurulmuş File Qabda kg
0.787,bazarstore,BOL ƏT DANA ƏTI ANTRIKOT SÜMÜKSÜZ ƏT KQ 1 KG,Ət Dana Bel Əti Sümüksüz kq
0.786,bazarstore,HACI TURQAY SOSİSKA KÖZLƏMƏ KQ 1 KG,Hacı Turgay Közləmə Sosis 1kq 544
0.786,bravo,Mərcan Təzə Toyuq Paketdə kq 3676,Mercan Təzə Toyuq Qabda kq
0.786,neptun,Ülker İçim Puding Şokoladlı 60 qr,Ulker Icim Puding Sokalad 60gr
0.786,neptun,Kolbasa Sab Lyubitelskaya kq,PAYIM KOLBASA LYUBİTELSKAYA KQ 1 KG
0.786,neptun,Kolbasa Sab Lyubitelskaya kq,OVQAT KOLBASA LYUBİTELSKAYA KQ 1 KG
0.786,bazarstore,CARTE NOIRE KOFE 190 Q,Kofe Carte Noire 190gr Orginal
0.786,bravo,Pomidor Zirə 1kq 2502,Pomidor Zire kg
0.786,bazarstore,SARIKIZ MİNERAL SU 200 ML NAR 6LI,Sarıkız Mineral Su Sadə 200 ml
0.786,bazarstore,CHABIANT AĞ ŞƏRAB 750 ML KƏMTURŞ,Chabiant Ağ Turş Şərab 0.75l
0.786,neptun,Prostokvasino Kəsmik Qatılaşdırılmış Südlü Sırok  40 qr,Sirok Prostokvashino 40gr Qatılaşdırılmış Süd
0.785,bravo,Mercan Təzə Toyuq Bud Qabda kq,MƏRCAN TƏZƏ TOYUQ BUD BUTULKA QABDA KQ 1 KG
0.785,bazarstore,SİYƏZƏN D.T CAN ƏTİ DONDURULMUŞ QABDA K 1 KG,Siyəzən Farş Dondurulmuş Qabda Kq
0.784,bazarstore,SARI KİŞMİŞ GOLD LÜKS KQ 250 gr,Kişmiş Sarı A 250 qr
0.784,bazarstore,SARI KİŞMİŞ GOLD LÜKS KQ 250 gr,Kişmiş Sarı B 250 qr
0.784,bazarstore,SARI KİŞMİŞ GOLD KQ 250 gr,Kişmiş Sarı A 250 qr
0.784,bazarstore,SARI KİŞMİŞ GOLD KQ 250 gr,Kişmiş Sarı B 250 qr
0.784,bazarstore,ZEYTUN BAGLARI ZEYTUN YAĞI 1 L EXTRA VİR,Zeytun Bağları Zeytun Yağı 1 l
0.783,bazarstore,ABC YUYUCU TOZ 1.5 KQ DAĞ TƏRAVƏTİ,Abc Yuyucu Tozu Dağ Təravəti Avtomat 1.5 kq
0.783,bravo,Ahmad Tea Beauty Bitki Çayı 20 əd.,Ahmad Tea Beauty Çayı Paket 20əd.
0.783,bravo,Chivas Regal 12 Yo Viski 0.5lt 80432402733,Chivas Regal 0.5 lt Viski 12 il Qutu
0.781,bazarstore,BADAGONI ŞƏRAB 750 ML MUKAZANİ,Badagoni Mukuzani Qırmızı Şərab 2007 0.75l
0.78,neptun,Ostankino Kolbasa Ət Papa Mojet 400 qr,Kolbasa Ostankino Myasnaya Papa Mojet 400qr 4607958070862
0.78,bravo,Mərcan Donmuş Toyuq Qabda 1kq 3616,MƏRCAN TOYUQ QİYMƏ DONDURULMUŞ QABDA KQ 1 KG
0.78,bazarstore,DİROL XXL SAQQIZ 19 Q NANƏLİ,Saqqiz Dirol Xxl Nane Dadlı 19 Qr
0.78,bazarstore,CRYSTALEX QABYUYAN MAYE 750 ML NAR,Crystalex Qabyuyan Maye Üzüm  750 ml
0.779,bazarstore,MAKARA MAKARON VERMİŞEL KQ 1 KG,Tac Makaron Vermişel kq
0.779,bazarstore,KONFIROM NUTATA FINDIQ BATON SOKOLAD KG 1 KG,Konfirom Nutata Şokolad kq
0.778,bravo,Alma Pink kq,MVT Alma Pink Super kq
0.778,bravo,Pınar Salam Ac-Bitir Hinduşka 70 qr,Pınar Ac Bitir Hindi Salam 70 qr
0.778,bazarstore,BOL ƏT DANA ƏTİ QOL SÜMÜKSÜZ KQ 1 KG,Ət Dana Bel Əti Sümüksüz kq
0.778,bazarstore,AQUSA M.ŞİRƏSİ 200 ML ALMA ŞAFTALI,"""Агуша"" 200 ml Meyvə Şirəsi Alma-Şaftalı Paket"
0.778,bazarstore,PAPIA TUALET KAĞIZI 4 LÜ 3 QAT,Papia Tualet Kağızı Sekret 4-lu 3qat
0.777,bazarstore,SİYƏZƏN D.T PƏTƏNƏK QABDA DONDURULMUŞ KQ 1 KG,Siyəzən Farş Dondurulmuş Qabda Kq
0.777,bazarstore,KİNDER BUENO WHİTE 43 Q,Kinder Bueno 43qr
0.776,bazarstore,SOÇİ KOLBASA DOKTORSKAYA BİŞMİŞ KQ 1 KG,HİCAZ KOLBASA DOKTORSKAYA KQ 1 KG
0.776,bazarstore,ÇARİÇİNO KOLBASA SARIMSAQLI BİŞMİŞ KQ 1 KG,Tsaritsino Kolbasa Sarımsaqlı Bişmiş kq
0.776,bazarstore,ONDA QARA ZEYTUN TUMLU KQ 1 KG,Zeytun Olive Qara Tumlu kg
0.776,neptun,Lays 140 qr Çips Xama-Göyərti,Cipsi Lays Xama Goyerti 140 Qr
0.776,bazarstore,QLAVPRODUKT XARDAL 170 Q,Qlavprodukt 170 qr Xardal Ənənəvi
0.774,bazarstore,ZOLOTOY SAD M.ŞİRƏSİ 200 ML MULTİFRUKT,Zolotoy Sad Multimeyvə Şirəsi 200 ml
0.774,araz,Ləzzət Dondurulmuş File Qabda kg,Ləzzət Toyuq File Dondurulmuş kg
0.774,bazarstore,BAHLSEN HİT ŞOKOLAD KREMLİ PEÇENYE 220 Q,Peçenye Baklsen Hit Şokolad 220qr 5901414203931
0.774,bazarstore,CAN PA MARMELAD MANDARİN DİLİM KQ 1 KG,CAN PA MARMELAD DİLİM KQ 1 KG
0.773,bravo,Səba Donmuş Toyuq Qanadları Qabda kq,SƏBA TOYUQ QANAD DONDURULMUŞ QABDA KQ 1 KG
0.773,bazarstore,DALĞA SKUMBRİYA DİLİM S/H VAKUUM KQ 1 KG,DALĞA SKUMBRİYA S/H VAKUUM KQ 1 KG
0.772,bazarstore,VİCİ KRAB ÇUBUQLARI 500 Q İMİSTASİYA,Vici Krab Çubuqları 500 Gr
0.772,neptun,Ariel 450 qr Automat Yuyucu Toz Color Qutu,Ariel Automat Color 450qr 5413149719132
0.771,bazarstore,KARMEN MAKARON VERMİŞEL KQ 1 KG,KARMEN MAKARON ÜZÜK KQ 1 KG
0.771,bazarstore,UZUN ÖMÜR KƏSMİK 200 Q İVANOVKA 9%,Uzun Ömür Kəsmik 9% 200 qr
0.771,bazarstore,HALAL NEMƏT KOLBASA TEZE BİŞMİŞ KQ 1 KG,HALAL NEMƏT KOLBASA DOKT.TOYUQ YASIL KQ 1 KG
0.771,bravo,Heinz Mayonez 505 qr,Heinz Creamy Mayonez 505 Gr
0.771,bazarstore,MAKARA MAKARON BURMA KQ 1 KG,Tac Makaron Burma kq
0.771,bazarstore,BALTİKA PİVƏ 500 ML 7 ŞÜŞƏ,Baltika 6 Porter Pivə 500 ml Şüşə Qab
0.771,bravo,Mercan Təzə Toyuq Bacaq Qabda kq,Mercan Təzə Toyuq Qabda kq
0.77,bazarstore,UZUN ÖMÜR İVANOVKA PENDİR KQ 1 KG,İvanovka Uzun-omur Pendir Qogal Kiçik Kq 12662
0.77,bazarstore,MOLFİX UŞAQ BEZİ N6 17 Lİ 3D LARGE,Molfix N6 15+Kg Extra Large Uşaq Bezi 17 Ədəd
0.77,bazarstore,SARIKIZ MİNERAL SU 200 ML NAR 6LI,Sarıkız 200 ml Mineral Su Qarpız
0.77,bazarstore,MILCH FARM EDINA PENDİR KQ 1 KG,Milch Farm Gaudina Pendir 1kq 17151
0.77,bazarstore,BIZIM TARLA JALAPENOLU XİYAR TURŞU 670 Q,Bizim Tarla Xiyar Turşusu 670 qr
0.77,bazarstore,SELESTE SKUMBRİYA 240 Q YAĞDA,Seleste 240 qr Skumbriya Tomatda
0.77,bazarstore,SİYƏZƏN D.T TƏZƏ QANAD AÇIQ KQ 1 KG,Shirvan Təzə Qanad Açıq kq
0.77,neptun,Kolbasa Sab Doktorskaya kq,PAYIM KOLBASA DOKTORSKAYA KQ 1 KG
0.769,bazarstore,CİF KREM 500 ML AMMONYAK,Cif Krem 500 ml Amonyaklı
0.769,bazarstore,MENTOS PURE FRESH SAQQIZ 15.5 Q,Mentos 15.5 qr Saqqız Fresh Nanə
0.768,bazarstore,SIRAB SU 330 ML QAZLI ŞÜŞƏ,Sirab 0.33lt Premium Su Qazlı (Şüşə Qabda)
0.768,bazarstore,SƏBA TOYUQ FİLE DONDURULMUŞ QABDA KQ 1 KG,Simurq Toyuq File Dondurulmush Qabda Kg
0.768,neptun,Pfanner Portağal Şirəsi 2 L,Sok Pfanner Portağal 2lt 9006900014292
0.767,bazarstore,BEST BEEF KOLBASA DOKTORSKAYA PREMİUM KQ 1 KG,Best Beef Premium Doktor Kq 27614
0.767,bazarstore,CRYSTALEX QABYUYAN MAYE 750 ML NAR,Crystalex Qabyuyan Maye Limon 750 ml
0.767,bazarstore,ROSHEN JOHNNY KROCKER SÜDLÜ KQ 1 KG,Roshen Johnny Krocker Şokolad kq
0.767,bazarstore,NEKTARIN SARI KQ 1 KG,NEKTARIN KQ 1 KG
0.767,bazarstore,KOTEX QADIN BEZİ 10 LU NORMAL,Kotex Ultra 2*10lu Qadın Bez Normal
0.767,bazarstore,SƏBA TƏZƏ BUD BUTULKA AÇIQ KQ 1 KG,Tac Butulka Təzə Açıq kq
0.766,bazarstore,SAVILLE MAKARON 500 Q FIRIN,Saville Makaron Fiyong 500 qr
0.766,neptun,Sloboda Günəbaxan Yağı 1 l,Yağ Sloboda Gunebaxan 1lt 4600699507345
0.766,bravo,Cappy Multimeyvə Şirəsi 200ml,Cappy Meyvə Şirəsi Multivitamin 200 ml
0.766,bravo,Dana Bel Əti Sümüklü (M) 1 kq,Ət Dana Bel Əti Sümüksüz kq
0.765,bazarstore,ROSHEN BIM BOM KQ 1 KG,Karamel Roshen Bim-bom kq
0.765,bazarstore,TANELLİ MAKARON BURMA KQ 1 KG,Tac Makaron Burma kq
0.765,bazarstore,BORDO KOLBASA DOKTORSKAYA BİŞMİŞ KQ 1 KG,HİCAZ KOLBASA DOKTORSKAYA KQ 1 KG
0.764,bazarstore,CAN PA MARMELAD MANDARİN DİLİM KQ 1 KG,CAN PA MARMELAD XIRDA KQ 1 KG
0.764,bravo,Roshen Karamelkino Nanəli Karamel kq,ROSHEN MINTEX KARAMEL KQ NANƏ 1 KG
0.764,bazarstore,CHABIANT AĞ ŞƏRAB 750 ML KƏMTURŞ,Chabiant Ağ Kəmşirin Şərab 0.75l
0.764,bazarstore,BEST BEEF SERVELAT OCAQ KQ 1 KG,BEST BEEF SERVELAT QOYUN QIRMIZI KQ 1 KG
0.764,bravo,Halal Nemət Iveriya Sosis Kq 582,Kral Halal Sosis. İveriya kg
0.764,bazarstore,HARMONY KREM ŞANTİ 150 Q SADƏ,Harmony Krem Şanti Kakaolu 150 Gr
0.764,araz,Limon 1 kq,LİMON LAYM KQ 1 KG
0.764,bazarstore,YAŞIL MƏRCİ KQ 1 KG,Dənli Mərci Yaşıl kq
0.764,bazarstore,YAŞIL MƏRCİ 1 KQ,Dənli Mərci Yaşıl kq
0.763,bazarstore,AURA TUALET KAĞIZI 8 Lİ ƏTİRLİ 3 QAT,Aura Tualet Kağızı 8li
0.763,bravo,Kokos 1əd 12028,Kokos 1 əd
0.763,bravo,Perwoll Yuyucu Gel Champagne 2l,Perwoll Champagne Yuyucu Vasitə 2 L
0.763,bazarstore,HİCAZ TOYUQ FİLE DONUQ QABDA KQ 1 KG,Hicaz Toyuq Qabda Donmuş 1kq
0.763,bazarstore,MƏRCAN TOYUQ DONDURULMUŞ QABDA KQ 1 KG,MƏRCAN TOYUQ DONDURULMUŞ PAKET KQ 1 KG
0.763,bazarstore,MƏRCAN TOYUQ DONDURULMUŞ QABDA KQ 1 KG,Mercan Toyuq Dondurulmuş 1kq
0.763,bazarstore,MƏRCAN TƏZƏ TOYUQ PƏTƏNƏK AÇIQ KQ 1 KG,Mercan Təzə Pətənək Açıq kq
0.763,bazarstore,ECE ZEYTUN IZQARA TUMSUZ KQ 1 KG,Zeytun Ece Yaşıl Tumsuz Izgara kq
0.762,bazarstore,RESTOREX ŞAMPUN 500 ML QURU SAÇLAR,Restorex Şampun Yağlı Saçlar Üçün 500 ml
0.762,bazarstore,OVCULAR KOLBASA PƏHRİZ DOKTORSKAYA KQ 1 KG,Ovçular Pepe Doktorskaya Kolbasa Uşaqlar üçün 1kq
0.762,bazarstore,OVCULAR KOLBASA DOKTORSKAYA EKSTRA KQ 1 KG,Ovçular Pepe Doktorskaya Kolbasa Uşaqlar üçün 1kq
0.761,neptun,Doritos Çips Pendirli 130 qr,Çipsi Doritos Nacho Pendirli 130qr 8690624202281
0.761,neptun,Mvt Nektarin Kg,NEKTARIN KQ 1 KG
0.761,neptun,MVT Badımcan 5li kq,BADIMCAN KQ 1 KG
0.761,bazarstore,OVCULAR SARDELKA İVERİYA KQ 1 KG,Ovqat İveriya Sardelka Kq 6737
0.76,bazarstore,VİTADİET KARAMEL 44 Q QARAĞATLI,Vitadiet Qaragilə İzoamatlı Karamel 44 qr
0.76,bazarstore,WEIDEGLUCK QAUDA PENDİR 48% KQ 1 KG,Pendir Weidegluck Gouda 48% kq
0.76,bazarstore,ÜLKƏR İÇİM PUDİNQ 60 Q BANAN,Ülker İçim Puding Bananlı 60 qr
0.759,bazarstore,DİROL XXL SAQQIZ 19 Q QARPIZLI,Saqqiz Dirol Xxl Qarpız Təravətli 19 Gr
0.759,bravo,Mərcan Donmuş Toyuq Qabda 1kq 3616,MƏRCAN TOYUQ BUDU DONDURULMUŞ QABDA KQ 1 KG
0.759,bazarstore,OVQAT KOLBASA TOYUQ HALAL BİŞMİŞ KQ 1 KG,HALAL NEMƏT KOLBASA DOKT.TOYUQ YASIL KQ 1 KG
0.759,bazarstore,SAFEGUARD SABUN 90 Q KLASSİC,Sabun Safeguard Active/klassik 90qr 5000174349672
0.759,bravo,Mercan Təzə Toyuq Qabda kq,MƏRCAN TƏZƏ TOYUQ FİLESI QABDA KQ 1 KG
0.759,bazarstore,SƏBA TƏZƏ BUD BÜTÖV AÇIQ KQ 1 KG,MƏRCAN TƏZƏ TOYUQ BUD BÜTÖV AÇIQ KQ 1 KG
0.759,bazarstore,BEST BEEF KOLBASA DOKTORSKAYA BİŞMİŞ KQ 1 KG,BEST BEEF KOLBASA SELSKAYA DOKTORSKAYA 1 KG
0.758,bazarstore,POMİDOR CHERRY ZIRE KQ 1 KG,Pomidor Zire kg
0.758,bravo,Cappy Albalı Şirəsi 300ml,Cappy Albalı 300 ml
0.758,bazarstore,HİCAZ ŞƏMS KOLBASA DOKTORSKAYA KQ 1 KG,HİCAZ KOLBASA DOKTORSKAYA KQ 1 KG
0.757,bazarstore,QIZIL QUYU LİMONAD 500 ML TƏRXUN PET,Qızıl Quyu 500 ml Limonad Tərxun (Plastik Qabda)
0.757,bazarstore,ÇİM-ÇİM YUMURTALI ƏRİŞTƏ 250 Q RAMEN,Çim Çim Əriştə Ramen 250 Gr
0.757,bazarstore,WİPELEX AĞARDICI GEL 750 ML ULTRA HYGİEN,Wipelex Agardıcı Gel 750ml
0.757,bazarstore,WİPELEX AĞARDICI GEL 750 ML ULTRA HYGİEN,Wipelex Agardıcı Gel 2X 750ml
0.756,bazarstore,ORBIT SAQQIZ 14 Q PEPPER MİNT PELLET,Orbit 14 qr Saqqız Peppermint
0.756,bravo,Halal Dad Iveriya Sosis Kg 3269,Kral Halal Sosis. İveriya kg
0.756,bazarstore,ALMA YERLI KG 1 KG,ALMA QALA YERLİ KQ 1 KG
0.756,bazarstore,NIVEA DUŞ GELİ 250 ML KREM KOKOS 83606,Nivea Gel Duş Kokos 250ml 4005800136894
0.756,neptun,Dr.milk Xama 15% 180 qr,Doktor Milk Xama 15% 180 Qr
0.756,bazarstore,SƏBA TƏZƏ QANAD AÇIQ KQ 1 KG,Tac Qanad Təzə Açıq kq
0.756,bazarstore,SƏBA TƏZƏ CİYƏR AÇIQ KQ 1 KG,Tac Ciyər Təzə Açıq kq
0.756,bazarstore,OVCULAR KOLBASA KÜLLƏMƏ DOKTORSKAYA KQ 1 KG,Ovçular Pepe Doktorskaya Kolbasa Uşaqlar üçün 1kq
0.755,bazarstore,SAFEGUARD MAYE SABUN 225 ML KLASSİK,Maye Sabun Safeguard Aloe 225ml 5410076352586
0.755,bravo,Siyəzən Donmuş File Qabda 1kq 5,Simurq Donmuş File Qabda kq
0.755,neptun,Alleya İstoçnikov Essentuki N4 0.5 l,"Su Esentuki N4 Elita 0,5lt Alleya Istochnikov"
0.755,bazarstore,BEST BEEF KOLBASA DOKTORSKAYA BİŞMİŞ KQ 1 KG,Kolbasa Sab Doktorskaya kq
0.755,bazarstore,SEN SOY TERİYAKİ SOUS 320 Q,Sen Soy Teriyaki Marinad Sousu S/Q 320qr
0.754,neptun,Kolbasa Sab Doktorskaya kq,STRDVORYE KOLBASA DOKTORSKAYA KQ 1 KG
0.754,bazarstore,ROSHEN PEÇENYE 150 Q ESMERALDA ŞOKOLADLI,Roshen Lovita Peçenye Şokoladlı 150 qr
0.754,bazarstore,PAYIM FİLE DONDURULMUŞ QABDA KQ 1 KG,Ləzzət Dondurulmuş File Qabda kg
0.754,bazarstore,HEINZ M.PÜRESİ 90 Q MEYVƏ SALATI 6 AY,Gipopo Meyvə Salatı Meyvə Püresi 12+ Ay 90qr
0.754,bazarstore,ANKARA VİT.MAKARON 500 Q RİGATONİ,Ankara Vit Makaron Mantı 500 qr
0.754,bazarstore,BOL ƏT QUZU DÖŞ ƏTİ KQ 1 KG,Ət Quzu Əti kq
0.754,neptun,Ət Quzu Əti kq,BOL ƏT QUZU BEL ƏTİ  KQ 1 KG
0.753,bazarstore,ROSHEN MİNKY BİNKY İRİS KONFET KQ 1 KG,ROSHEN MINKY BINKY İRİS 1 KQ PAKET
0.753,bazarstore,SELSKOE MAL ƏTİ KONSERVİ 490 Q,Super Sun Mal Əti Konservi 490 qr
0.751,bravo,Mərcan Donmuş Toyuq Qabda 1kq 3616,MƏRCAN TOYUQ QANADI DONDURULMUŞ QABDA KQ 1 KG
0.751,bravo,Darling Pişiklər üçün Yaş Yem Mal Əti ilə 75qr,Darling Pişik Yeməyi Mal Əti ilə 75q
0.751,bazarstore,AURA TUALET KAĞIZI 4 LÜ NAXIŞLI 3 QAT,Aura Tualet Kağızı 4lü
0.751,bazarstore,BS SERVELAT QOYUN KQ 1 KG,KRAL SERVELAT QOYUN HALAL KQ 1 KG
0.751,bravo,Garnier Roll-on Antiperspirant Active 72 saat 50ml,Garnier Antiperspirant Kişilər üçün Roll-on 50ml
0.751,bazarstore,KAİJA SKUMBRİYA 240 Q TOMATDA,Kaija Skumbriya Yağda 240qr
0.75,neptun,Kolbasa Sab Lyubitelskaya kq,HİCAZ KOLBASA LYUBİTELSKAYA KQ 1 KG
0.75,bazarstore,HİCAZ TOYUQ BUD BUTULKA DONUQ QABDA KQ 1 KG,SƏBA TOYUQ BUD BUTULKA DONDURULMUŞ QABDA 1 KG
0.75,bazarstore,TƏNƏK ÜZÜM SİRKƏSİ 2.8 L,Tenek 2.8lt Üzüm Sirkəsi
0.75,bazarstore,POMİDOR ŞƏMKİR KQ 1 KG,POMİDOR KQ 1 KG
0.75,bravo,N1 Sadə Kəsmik kq,Kəsmik Sadə RB kq
0.75,bazarstore,MƏRCAN TƏZƏ CİYƏR AÇIQ KQ 1 KG,SİYƏZƏN D.T TƏZƏ CİYƏR AÇIQ KQ 1 KG
0.75,bazarstore,BEST BEEF KOLBASA DOKTORSKAYA PREMİUM KQ 1 KG,BEST BEEF KOLBASA SELSKAYA DOKTORSKAYA 1 KG
0.749,araz,İslami Kəsim Donmuş Toyuq Paket kg,İSLAMİ KƏSİM TOYUQ DONDURULMUŞ QABDA KQ 1 KG
0.748,bravo,Pepsi Şüşə 200ml,Pepsi 200 ml (Şüşə Qabda)
0.748,bazarstore,DARLİNG İT YEMİ 75 Q QUZU ƏTLİ,Darling İt Yeməyi Quzu Əti ilə 75q
0.748,neptun,Maccoffee 50 qr Kofe Classic (Dəmir Qabda),Kofe Maccoffee 50gr Classic 1325
0.748,bazarstore,SANTA BREMOR SİYƏNƏK 240 Q AZDUZLU YAĞDA,Santa Bremor Siyənək Az Duzlu 240q
0.748,bazarstore,OVCULAR KOLBASA TOYUQ DOKTORSKAYA KQ 1 KG,Ovçular Pepe Doktorskaya Kolbasa Uşaqlar üçün 1kq
0.747,bravo,Halal Dad Servelat Setka Quzu Eti Kg 3276,HALAL DAD SERVELAT SETKA KQ 1 KG
0.747,neptun,Lays 70 qr Dalğavari Çips Paprika,Lays 70 qr Çips Paprika
0.747,bravo,Sab Südlü Sosis 1kq 2916,Sab Halal Sosis.sudlu (Mol.) kg
0.747,araz,Ət Dana Bel-boyun Sümüklü kq,Ət Dana Sümüklü Ət kq
0.747,bazarstore,BISMAK VAFLİ SADƏ KREMLİ KQ 1 KG,BISMAK VAFLİ KAKAOLU KQ 1 KG
0.746,bravo,Halal Dad Oxot Kolbasa Kg 3271,Kolbasa Kral Oxot Halal kq
0.746,bravo,Seba Təzə Toyuq Açıq kq,SİYƏZƏN D.T TOYUQ AÇIQ TƏZƏ KQ 1 KG
0.746,bravo,Cappy Albalı Şirəsi 200ml Tp,Cappy Meyvə Şirəsi Albalı 200 ml
0.746,neptun,President Pendir Qaymaqlı 8-li 150 qr,Pendir President 150gr Qribi
0.746,neptun,President Pendir 8li Qaymaqlı 140 qr,Pendir President 140gr Yağlı
0.746,bazarstore,BİNGO YUMUŞALDICI MAYE 1.44 L SENSİTİVE,Bingo Soft Yumşaldıcı Sensitive 1440 ml
0.746,bazarstore,DR.KORNER XLEBSİ 100 Q DÜYÜLÜ DƏNİZ DUZU,Xlebci Dr korner 100gr Düyülü
0.746,bravo,Sab Doktorskaya Bişmiş Kolbasa 1kq 1821,Kolbasa Kral Zəngəzur Bişmiş Doktorskaya kq
0.746,bazarstore,HİCAZ TƏZƏ BUD BÜTÖV AÇIQ KQ 1 KG,MƏRCAN TƏZƏ TOYUQ BUD BÜTÖV AÇIQ KQ 1 KG
0.745,bazarstore,TWIX ŞOKOLAD MINIS KQ 1 KG,Şokolad Twix Mini Planet kq
0.745,bazarstore,ULUDAĞ FRUTTI 250 ML EXTRA MANDALİN,Uludağ Frutti Mandarin 250ml
0.745,bazarstore,LEBRO TOYUQ DONDURULMUŞ PAKET KQ 1 KG,Ləzzət Toyuq Paket Dondurulmuş kg
0.745,bazarstore,ROT FRONT KARAMEL SLİVA KQ 1 KG,Rot Front Snejok Karamel kq
0.745,araz,TP Qara Kişmiş İri Çöplü kg,Tp-Buta Qara Kişmiş İri kq
0.744,bazarstore,QAF MİNERAL SU 200 ML ALMA,Su Mineral Kula Alma 200ml*24
0.744,bazarstore,ATENA AYRAN 290 ML NANƏLİ,Atena Ayran 290 ml
0.744,bazarstore,KRAL KOLBASA DOKTORSKAYA ZENGEZUR KQ 1 KG,Kolbasa Kral Zəngəzur Bişmiş Doktorskaya kq
0.743,bazarstore,HALAL DAD KOLBASA MAL ƏTİ KQ 1 KG,Halal Dad Halal Kolb. Mal Əti Bismis kg
0.743,bazarstore,GAROFALO MAKARON 500 Q STELLINI,Makaron Garofalo Capellini Spezzati 500gr
0.743,bazarstore,KENT BORINGER DÜYÜ UNU 200 Q VİT.ŞƏKƏRLİ,Kent Boringer Düyü Unu 7 Vitaminli 200 qr
0.743,neptun,Xlebsi Molodci Borodinskie Celnozernovie 150 qr,Xlebci Molodci Borodinskie 150qr 1192 4607024591192
0.743,bazarstore,PAPIA TUALET KAĞIZI 4 LÜ 3 QAT,Sun Paper Tualet Kağızı 4lu 2 Qat
0.743,bazarstore,KONFIROM NOCCIOLA SOKOLAD KG 1 KG,Konfirom Nutata Şokolad kq
0.742,bazarstore,QİDAM FARŞ DONDURULMUŞ QABDA KQ 1 KG,Siyəzən Farş Dondurulmuş Qabda Kq
0.742,bazarstore,KAİJA KİLKƏ 240 Q TOMATDA,Kaija Kilkə Tomat Sousunda 240 qr
0.742,araz,Yemiş 1 kq,H.Y YEMIS YEMEKXANA 1 KG
0.742,neptun,Erdinger 330 ml Pivə Weiblier (Şüşə Qabda),Pivə Erdinger 330ml Weibbier 4002103248231
0.741,bazarstore,CİSTAYA LİNİYA ƏL KREMİ 75 ML QULLUQ,Çistaya Liniya Əl Kremi Kalendula 75ml
0.741,bravo,Səba Donmuş Toyuq Bud Butulka Qabda 1kq,QİDAM BUD BUTULKA DONDURULMUŞ QABDA KQ 1 KG
0.741,bazarstore,SAVILLE YAŞIL ZEYTUN TUMLU KQ 1 KG,Zeytun Olive Yaşıl Tumlu kg
0.741,bazarstore,DİROL X FRESH SAQQIZ 16 Q QARAGAT SİTRUS,Dirol X-fresh Saqqız Qaragilə və Sitrus Təravəti 16 qr
0.741,bazarstore,ROSHEN RAÇKİ 1 KQ,Roshen Racki Karamel kq 1860
0.741,bazarstore,ROSHEN DUSES KQ 1 KG,Roshen Duses Karamel kq
0.741,bazarstore,ROSHEN RAÇKİ KQ 1 KG,Roshen Racki Karamel kq 1860
0.741,bazarstore,ANKARA KLASSİK NOXUD 800 Q,Ankara 800 qr Noxud Paket
0.741,bravo,Can-pa Cevizli Lokum Kq 5008,CAN PA LOKUM PAKET KQ 1 KG
0.741,neptun,Mərcan Toyuq Paket kq,MƏRCAN SOSİSKA TOYUQ KQ 1 KG
0.741,bazarstore,VITA1000 M.ŞİRƏSİ 1 L ALMA ŞÜŞƏ,Vita Alma Şirəsi 1 L Şüşə Qab
0.741,bazarstore,SAFEGUARD SABUN 90 Q LAVANDA,Sabun Safeguard Limon 90qr 4015600847104
0.741,bravo,Mərcan Donmuş Toyuq Qabda 1kq 3616,Mercan Təzə Toyuq Qabda kq
0.741,araz,Ət Dana Bel-boyun Sümüklü kq,BOL ƏT DANA ƏTI SÜMÜKLÜ KQ 1 KG
0.741,bazarstore,CRYSTALEX QABYUYAN MAYE 750 ML QREYPFRUT,Crystalex Qabyuyan Maye Üzüm  750 ml
0.74,bazarstore,MƏRCAN TƏZƏ TOYUQ BUD BUTULKA AÇIQ KQ 1 KG,MƏRCAN TƏZƏ TOYUQ BUD BÜTÖV AÇIQ KQ 1 KG
0.74,bazarstore,SƏBA TƏZƏ CİYƏR AÇIQ KQ 1 KG,SİYƏZƏN D.T TƏZƏ CİYƏR AÇIQ KQ 1 KG
0.74,bazarstore,ANKARA MAKARON 500 Q QƏLƏM,Ankara Makaron Tel 500 qr
0.74,bazarstore,ANKARA MAKARON 500 Q QƏLƏM,Ankara Vit Makaron 500 qr
0.74,bazarstore,VITA1000 M.ŞİRƏSİ 1 L NAR ŞÜŞƏ,Vita1000 Portağal Şirəsi Şüşə 1l
0.74,bazarstore,DARLİNG İT YEMİ 75 Q MAL ƏTLİ,Darling İt Yeməyi Mal Əti ilə 75q
0.74,bravo,Salima Dondurulmuş Ördək Budu kq,Salima Donmuş Ördək Budi kq
0.74,bazarstore,AVOKADO KQ 1 KG,Avokado Has kq 17650
0.74,bravo,Mərcan Donmuş Toyuq Qabda 1kq 3616,MƏRCAN TOYUQ CİYƏRI DONDURULMUŞ QABDA KQ 1 KG
0.74,neptun,MVT Şaftalı kq,ŞAFTALI KQ 1 KG
0.739,bazarstore,HİCAZ TƏZƏ CİYƏR AÇIQ KQ 1 KG,Tac Ciyər Təzə Açıq kq
0.739,bazarstore,SEVİMLİ DAD KOLBASA DOKTORSLAYA BİŞMİŞ K 1 KG,Kolbasa Sevimli Dad Korona Doktorskaya  kq
0.739,bravo,Dana Bel Əti Sümüklü (M) 1 kq,Ət Dana Bel-boyun Sümüklü kq
0.739,neptun,Göyçay Çanaq Pendiri 500 qr,Goycay Çanax Pendiri 500 Gr 1x12
0.738,neptun,Kolbasa Sab Lyubitelskaya kq,CƏNNƏT KOLBASA LYUBİTELSKAYA KQ 1 KG
0.738,bravo,Mercan Təzə Toyuq Qabda kq,MƏRCAN TƏZƏ TOYUQ BUD DİBİ QABDA KQ 1 KG
0.737,bazarstore,*CAN PA SULTAN LOKUM FINDIQLI KQ 1 KG,CAN PA LOKUM FINDIQLI KQ 1 KG
0.737,bazarstore,KENT BORINGER PUDİNQ 125 Q ÇİYƏLƏKLİ,Kent Puding Çiyələkli 125qr
0.737,bravo,Orbit Saqqız Ağ Zərif Nanə 13.6qr,Orbit 13.6 qr Saqqız Nanə
0.737,bazarstore,AZERCAY QARA ÇAY 100 Q KƏKLİKOTLU,Azər Çay Kəklikotulu Qara Çay Qutu 100 qr
0.737,bazarstore,BEST BEEF SERVELAT FİBRUS KQ 1 KG,BEST BEEF SERVELAT QOYUN QIRMIZI KQ 1 KG
0.737,bazarstore,SAVILLE QARA ZEYTUN 350 Q TUMSUZ,Saville Yaşıl Zeytun Tumsuz S/Q 350qr
0.736,bravo,Jack Daniel's Black Label Viski 1 Lt 82184090442,J.W Black Label Viski 12 İl Qutu 1L
0.736,bazarstore,SİYƏZƏN D.T TƏZƏ CİYƏR AÇIQ KQ 1 KG,Tac Ciyər Təzə Açıq kq
0.736,bazarstore,ROSHEN JOHNNY KROCKER ŞOKOLADLI KQ 1 KG,ROSHEN JOHNNY KROCKER SÜDLÜ KQ 1 KG
0.735,bazarstore,KƏND YUMURTASI 10 LU,Abad Kənd Yumurtası 10 əd.
0.735,bazarstore,HALAL NEMƏT KOLBASA İMSAK BİŞMİŞ KQ 1 KG,Kolbasa Halal Nemət İmsak Yağsız kq
0.735,bazarstore,SANDORA GOLD M.ŞİRƏSİ 950 ML ŞAFTALI TP,Sandora 0.95lt Meyvə Şirəsi Şaftalı Paket
0.735,bazarstore,KULINARKA QATILAŞMIŞ SÜD 370 Q,Kulinarka Qatılaşdırılmış Süd Varenka 370 qr
0.735,bravo,Ovqat Servelat Qoc Halal 1kq 6738,Kolbasa Ovqat Servelat Halal kq
0.735,bazarstore,SARIKIZ MİNERAL SU 200 ML NAR 6LI,Sarıkız Mineral Su Alma 200 ml
0.735,bazarstore,NOVA MOZZARELLA PENDİR KQ 1 KG,Südçü Pendir Mozzarella 1kq
0.735,neptun,Protex Maye Sabun Freş 300 ml,Sabun Maye Protex Cream 300ml 8693495025201
0.735,bazarstore,DİŞ ÇÖPÜ 400 LÜ 3520-5200,Bien Diş Çöpü 400-lü
0.735,bazarstore,JACK DANIELS VİSKİ BLACK 500 ML,Jack Danieis Viski 0.5l
0.735,bazarstore,ZƏNCƏFİL TƏZƏ KG 1 KG,Zəncəfil 1kq 2547
0.735,bazarstore,SOÇİ KOLBASA DOKTORSKAYA BİŞMİŞ KQ 1 KG,Kolbasa Kral Zəngəzur Bişmiş Doktorskaya kq
0.735,bravo,Sevimli Dad Oxot Patron Kolbasa Y Hisə Verilmiş 1kq 26966,Kolbasa Sevimli Dad Kübar Çiy Hisə Verilmiş  kq
0.734,bazarstore,KRAL BIZIM DAD SERVELAT KQ 1 KG,Bizimdad Servelat Kq 8981
0.734,bazarstore,SOĞAN KQ 1 KG,Soğan Seçmə kq
0.734,bazarstore,SAB VETÇİNA HALAL KQ 1 KG,Kral Halal Vetcina kg
0.734,bazarstore,AZERSEKER ŞƏKƏR TOZU 700 Q,Azər Şəkər 700 qr Şəkər Tozu
0.734,bravo,Ag Nogul Keşnişli kq 4997,Noğul Canpa Keşnişli kq
0.733,bazarstore,BONDUELLE YAŞIL NOXUD 425 ML+QARĞ.2+1,Bonduelle Noxud 425 ml
0.733,bazarstore,ZOLOTOY SAD M.ŞİRƏSİ 200 ML ALBALI TP,Zolotoy Sad Şaftalı Şirəsi 200 ml
0.733,bravo,Mərcan Donmuş Bud Dibi Qabda kq 3618,Ləzzət Donmuş Bud Dibi Qabda kg
0.733,bazarstore,SARIKIZ MİNERAL SU 200 ML NAR 6LI,Sarıkız Mineral Su Mandarin 200 ml
0.732,bazarstore,DARLİNG PİŞİK YEMİ 75 Q MAL ƏTLİ,Darling Pişik Yeməyi Mal Əti ilə 75q
0.732,bazarstore,BEST BEEF KOLBASA DOKTORSKAYA BİŞMİŞ KQ 1 KG,HİCAZ KOLBASA DOKTORSKAYA KQ 1 KG
0.732,bazarstore,MENTOS PURE FRESH 54 Q TUTTİ FRUTTİ,Mentos Saqqız Tutti-frutti 54qr
0.732,bazarstore,KALLEH AYRAN 1.5 L NANƏLİ,Kalleh Ayran Qazlı 1.5L
0.732,bazarstore,SAB SERVELAT QOYUN KQ 1 KG,KRAL SERVELAT QOYUN HALAL KQ 1 KG
0.732,araz,Simurq Donmuş Farş kq,Simurq Donmuş Paket Toyuq kq
0.732,bazarstore,HİCAZ SERVELAT ŞAM KQ 1 KG,Hicaz Servelat Sarımsaqlı 1000qr
0.731,bazarstore,İSLAMİ KƏSİM TƏZƏ TOYUQ PAKET KQ 1 KG,İslami Kəsim Donmuş Toyuq Paket kg
0.731,bravo,Kokos 1əd 12028,Kokos Drink 1əd
0.731,bazarstore,DR.KORNER XLEBSİ 100 Q DÜYÜLÜ VİTAMIN,Xlebci Dr korner 100gr Düyülü
0.731,bazarstore,OVCULAR KOLBASA TOYUQ DOKTORSKAYA KQ 1 KG,Ovçular Hind Quşu Doktorskaya Kolbasa 1kq
0.731,bazarstore,BIZIM TARLA KOMPOT 1 L GİLAS,Bizim Tarla Kompot Heyva 1 l
0.731,bazarstore,SEVELLA MAKARON 500 Q SPAGETTİ,Favelli 500 qr Makaron Spagetti
0.73,bazarstore,İSLAMİ KƏSİM SALAFAN TOYUQ DONDURULMUŞ K 1 KG,İslami Kəsim Donmuş Toyuq Paket kg
0.73,bazarstore,NAŞ MOLOÇNİK QALISKIY PENDİR KQ 1 KG,Naş Moloçnik Kolbasniy Qaliskiy Kəsmə Pendiri 1kq 17790
0.73,bazarstore,ZOLOTOY SAD M.ŞİRƏSİ 200 ML ALBALI TP,Zolotoy Sad Alma Şirəsi 200 ml
0.73,araz,Qarpız kq,QARPIZ TUMSUZ KG 1 KG
0.73,bazarstore,ETİ TUTKU KAKAO KREMLİ MOZAİK 40 Q,Eti Tutku Peçenye Kakao Kremli 40 qr
0.73,bravo,Kartof Setka  kq,KARTOF KABABLIQ PAKET 1 KQ
0.73,bazarstore,BASSO ZEYTUN YAĞI 500 ML EXTRA VİRGİN,Zeytun Yağı Basso 500ml 8004123000284
0.73,bazarstore,SLOBODA MAYONEZ 900 ML PROVANSAL ŞÜŞƏ,Mayonez 900ml Provansal
0.73,neptun,Azər Çay Yaşıl Çay 100 qr,Çay Azerçay Yaşıl 100qr 4760062101133
0.73,neptun,Azər Çay Buket Çay Qutu 100 qr,Çay Azerçay 100qr Buket K. 4760062100297
0.729,bazarstore,HİCAZ TOYUQ QANAD DONUQ QABDA KQ 1 KG,Hicaz Toyuq Qabda Donmuş 1kq
0.729,bazarstore,SECME ÜZÜM SİRKƏSİ 2 L,Secme 2 lt Üzüm Sirkəsi (Plastik Qabda)
0.728,bazarstore,SAFEGUARD SABUN 125 Q YUMŞAQ QULLUQ ALOE,Sabun Safeguard Aloe 125qr 4015400930440
0.728,bravo,CPL Kəsmik Pəhriz 6% 180 qr,Cpl Kəsmik 6% 180 qr
0.728,bazarstore,AZƏRSÜD QAYMAQ 200 Q 26%,Azər Süd Qaymaq 26% 200 qr
0.728,araz,H.n Halal İmsak Sos kg,HALAL NEMƏT SOSİSKA İMSAK KQ 1 KG
0.728,bazarstore,ANKARA MAKARON 500 Q ULDUZ ŞEHRİYE,Ankara 500 qr Makaron Yıldız Sehriyyə
0.728,bazarstore,OVCULAR SOSİSKA KÜLLƏMƏ HALAL KQ 1 KG,Sosiska Ovçu Külləmə kq
0.728,neptun,Jagermeister Likyor 350 ml,Likor Jagermeister 56 Botan 350ml 4067700013026
0.727,bazarstore,AQUSA M.ŞİRƏSİ 200 ML ALMA ŞAFTALI,"""Фруктовый Сад"" 0,2lt Şaftalı+Alma Şirəsi"
0.727,araz,Strd. Sosis Datskiye Kq,Strd Sosis Datskiye Kq (Sərfəli Qiymət) 2702459
0.727,bazarstore,OVCULAR KOLBASA QOVYAJIY DOKTORSKAYA 1 KG,Ovçular Hind Quşu Doktorskaya Kolbasa 1kq
0.727,neptun,Ace Limon 1 l,Ace Lemon 1lt
0.727,bravo,Mərcan Premium Soyudulmuş Çiyər kq 21134,Mərcan Toyuq Soyudulmuş Ciyər kg
0.727,bazarstore,LEBRO TƏZƏ FİLE AÇIQ KQ 1 KG,Tac File Təzə Açıq kq
0.727,bazarstore,PAYIM TƏZƏ FİLE AÇIQ KQ 1 KG,Tac File Təzə Açıq kq
0.726,bravo,Coca-Cola Klassik 300ml,Coca-cola 300 ml
0.726,bazarstore,AQUSA M.ŞİRƏSİ 200 ML ALMA ŞAFTALI,Aquşa Meyvə Şirəsi Alma-Albalı 200 ml
0.726,bazarstore,BARILLA MAKARON 450 Q BAVETTINE N11,Barilla Bavette N11 450qr
0.726,bazarstore,VITA1000 M.ŞİRƏSİ 1 L ALMA ŞÜŞƏ,Vita1000 Portağal Şirəsi Şüşə 1l
0.726,bazarstore,BOL ƏT QUZU QUYRUQ YAĞI KQ 1 KG,Ət Quzu Quyruq kq
0.725,bravo,Sevimli Dad Kubar Zernistaya Çiy Hisə Verilmiş Servelat 1kq 564,Kolbasa Sevimli Dad Kübar Çiy Hisə Verilmiş  kq
0.725,bazarstore,SEVİMLİ DAD SERVELAT POLTAV MUSKAT KQ 1 KG,Sevimli Dad Bişmiş Servelat Muskatny 1kq 4320
0.725,bazarstore,SƏBA TƏZƏ QANAD AÇIQ KQ 1 KG,Shirvan Təzə Qanad Açıq kq
0.725,neptun,Sarıkız Mineral Su Alma 200 ml,Su Mineral Kula Alma 200ml*24
0.725,bazarstore,HALAL NEMƏT KOLBASA TEZE BİŞMİŞ KQ 1 KG,HALAL NEMƏT KOLBASA MANQALÜSTÜ KQ 1 KG
0.725,bazarstore,KOTEX QADIN BEZİ BİO KARE 8 LI NORMAL,KOTEX QADIN BEZİ 8 Lİ NORMAL
0.725,bazarstore,BIZIM TARLA GAVALI POVİDLOSU 820 Q,Bizim Tarla Alma Povidlosu 820 qr
0.724,bazarstore,DELIKAT ARAQ 500 ML,Nemiroff Araq Delikat 500 ml
0.724,bravo,Can-pa Findikli Lokum Kg 5011,CAN PA LOKUM PAKET KQ 1 KG
0.724,bravo,Chivas Regal 12 Yo Viski 0.5lt 80432402733,Chivas Regal 12 Y o  500ml 80432402733
0.724,bazarstore,OVCULAR KOLBASA HEVESKAR KQ 1 KG,Ovçular Həvəskar Halal Kolbasa 1kq
0.724,bazarstore,OVCULAR KOLBASA HALAL PEPE KQ 1 KG,Ovçular Həvəskar Halal Kolbasa 1kq
0.724,bazarstore,LAYS DALĞAVARİ CİPS 225 Q BİBƏRLİ,Lays 225 qr Dalğavari Çips Baharat
0.724,bazarstore,GAROFALO MAKARON 500 Q STELLINI,Makaron Garofalo Rigatoni 500gr
0.724,bazarstore,GAROFALO MAKARON 500 Q STELLINI,Makaron Garofalo Spagetti 500gr
0.724,bazarstore,AZERCAY QARA ÇAY 100 Q KƏKLİKOTLU,Çay Azerçay 100qr Kəklik Otu 4760062101744
0.724,bazarstore,CAMPA M.ŞİRƏSİ 1 L PORTAĞAL,Natura Portağal Şirəsi 1 l
0.724,bazarstore,MƏRCAN TƏZƏ CİYƏR AÇIQ KQ 1 KG,Tac Ciyər Təzə Açıq kq
0.724,bazarstore,LAVAZZA CAFFE ESPRESSO 250 Q PAKET,Kofe Lavazza Espresso 250qr 8000070018877
0.724,bazarstore,LAVAZZA CAFFE ESPRESSO 250 Q PAKET,Kofe Lavazza Espresso 250qr Paket 8000070018860
0.724,bazarstore,JALE M.ŞİRƏSİ 200 ML ALBALI TP,Cappy Albalı Şirəsi 200ml Tp
0.724,araz,Tac Ciyər Təzə Açıq kq,Giləzi Təzə Ciyər Açıq kq
0.723,bazarstore,ORBIT SAQQIZ 14 Q EUCALİPT PELLET,Orbit Saqqız Evkalipt 14qr
0.723,bazarstore,CAPPY M.ŞİRƏSİ 1 L ŞAFTALI PL,Cappy Şaftalı 1 l
0.723,bazarstore,VİCİ BALIQ BURGERİ 500 Q,Vici Lyubo Yest Balıq Burgeri 500qr
0.722,neptun,Sirab 330 ml Şüşə,SIRAB SU 330 ML QAZLI ŞÜŞƏ
0.722,bazarstore,SİYƏZƏN D.T TƏZƏ QANAD AÇIQ KQ 1 KG,Tac Qanad Təzə Açıq kq
0.722,bazarstore,BOL ƏT DANA ƏTI ANTRIKOT SÜMÜKSÜZ ƏT KQ 1 KG,Ət Dana Antrikot Sümüklü kq
0.722,bazarstore,BELMAS KERE YAGI 1 KQ 82.5%,Belmas 1 kq Kərə Yağı 82.5%
0.722,bazarstore,OVQAT KOLBASA SİNYUQA HALAL KQ 1 KG,Kolbasa Ovqat Servelat Halal kq
0.722,bazarstore,DİROL X FRESH SAQQIZ 16 Q QARAGAT SİTRUS,Dirol X-fresh Saqqız Qarpız Buz 16 qr
0.722,bazarstore,MAXEEV QARAĞAT CEMİ 300 Q PAKET,Maxeev Qara Qarağatlı Cem D/P 300qr
0.722,bazarstore,PETRA VERMİŞEL 50 Q KONSERVALI,Petra Vermişel 50 qr
0.722,bazarstore,ARMUD KONFRANS KQ 1 KG,MVT Armud Konfrans Xarici kq
0.721,bazarstore,CONFY ULTRA QADIN BEZI NORMAL 10 LU,Kotex Ultra 2*10lu Qadın Bez Normal
0.721,araz,Ləzzət Dondurulmuş File Qabda kg,QİDAM FİLE DONDURULMUŞ QABDA KQ 1 KG
0.721,araz,Viteks Keratin + Şampun Kaşmir 500ml,Viteks 500 ml Şampun Keratin+Peptidi
0.721,bazarstore,LƏZİZ ÇƏRƏZ TUT QURUSU KG 250 gr,LƏZİZ ÇƏRƏZ MANQO QURUSU NATURAL KG 250 gr
0.721,bazarstore,HİCAZ QOŞA TOYUQ QABDA KQ 1 KG,Hicaz Toyuq Qabda Donmuş 1kq
0.721,bazarstore,SARIKIZ MİNERAL SU 200 ML NAR 6LI,Sarıkız Mineral Su Limon 200 ml
0.721,bazarstore,SELSKOE GÜNƏBAXAN YAĞI 900 ML,Solneçnoe Günəbaxan Yağı 0.9 l
0.721,bazarstore,OVCULAR KOLBASA PƏHRİZ DOKTORSKAYA KQ 1 KG,Ovçular Hind Quşu Doktorskaya Kolbasa 1kq
0.721,bazarstore,OVCULAR KOLBASA DOKTORSKAYA EKSTRA KQ 1 KG,Ovçular Hind Quşu Doktorskaya Kolbasa 1kq
0.72,bazarstore,HALAL DAD HİSƏVERİLMİŞ TOYUQ FİLESİ KQ 1 KG,Halal Dad Hisə Verilmiş File kq
0.72,bazarstore,KOTEX QADIN BEZİ 10 LU NORMAL,Kotex Ultra 10lu Qadın Bez Normal 4 Dam Setka
0.72,bravo,Mentos Saqqız Çiyələkli 54qr 46198068,Mentos Saqqız White Çiyələk Dadı 54 qr
0.72,bazarstore,BOTTEGA PROSECC BRUT ŞAMPAN 750 ML 11%,Şampan Bottega Brut 11% Sw 750ml 8005829231507
0.72,bazarstore,RASTİŞKA YOQURT KƏSMİKLİ 6X45 Q ÇİYƏLƏK-,Yoqurt Rastişka Çiyələk Ərik 6x45qr 4600605022238
0.72,bazarstore,KAİJA SKUMBRİYA FİLE 170 Q TOMATDA,Seleste 170 qr Skumbriya File Tomatda
0.72,bazarstore,HALAL NEMƏT SERVELAT QOYUN KQ 1 KG,Halal Nemət Oxotniçiy Servelat Kq 2380
0.72,araz,Hicaz Toyuq Paket Dondurulmuş 1kq,LEBRO TOYUQ DONDURULMUŞ PAKET KQ 1 KG
0.72,bazarstore,ANKARA MAKARON 500 Q NUHUN GƏMİSİ,Ankara Makaron 500 qr
0.72,neptun,Ankara Makaron 500 qr,ANKARA VİT.MAKARON 500 Q RİGATONİ
0.72,bravo,Sab Doktorskaya Bişmiş Kolbasa 1kq 1821,Kolbasa Ovçular Doktorskaya/Lyubitelskaya Bişmiş kq
0.719,araz,H.n Halal İveriya 5+ kg,HALAL NEMƏT SOSİSKA İVERİYA HALAL KQ 1 KG
0.719,bazarstore,NESTLE BISTROFF SIYIQ 40 Q QARAĞATLI,Nestle Sıyıq Bistrov Qaragilə 40 qr
0.719,bazarstore,HİCAZ TOYUQ DONUQ İÇALAT QABDA KQ 1 KG,Hicaz Toyuq Qabda Donmuş 1kq
0.719,bravo,Red Bull Enerji İçkisi Şəkərsiz 250ml,Red Bull Şəkərsiz 250 ml
0.718,neptun,Kolbasa Sab Doktorskaya kq,REMİT KOLBASA VAR DOKTORSKAYA KQ 1 KG
0.718,bazarstore,HİCAZ TƏZƏ BUD BUTULKA AÇIQ KQ 1 KG,Tac Butulka Təzə Açıq kq
0.718,bazarstore,PAPIA TUALET KAĞIZI 4 LÜ 3 QAT,Papia Tualet Kağızı Çiyələkli 4-lü Rulon 3 Qat
0.718,bazarstore,PROTEX SABUN 150 Q KREM,Protex Sabun Cream 150 qr
0.718,neptun,Lays 70 qr Çips Pendirli,Cipsi Lays Pendir 70qr*25
0.718,bazarstore,HALAL DAD SARDELKA İVERİYA KQ 1 KG,HALAL DAD SOSİSKA İVERİYA KQ 1 KG
0.718,bazarstore,FİLİZ MAKARON 500 Q UZUN İNCƏ,Ankara Makaron İncə Uzun 500 qr
0.718,bazarstore,BIZIM SUFRE POMİDOR SOUSU 310 Q,Bizim Süfrə 310 qr Pomidor Sousu Ədviyyatlı
0.718,neptun,Roshen Lovita Peçenye Dark Şokoladlı 150 qr,Lovita Pechenye Şokoladlı 150 Qr
0.718,bazarstore,OVCULAR KOLBASA QOVYAJIY DOKTORSKAYA 1 KG,Ovçular Pepe Doktorskaya Kolbasa Uşaqlar üçün 1kq
0.717,araz,Ləzzət Donmuş Paket Toyuq kg,Ləzzət Toyuq Bud Dondurulmuş kg
0.717,araz,Limon 1 kq,LIMON TR KG 1 KG
0.717,bazarstore,BIZIM TARLA KOMPOT 1 L GİLAS,Bizim Tarla Kompot Feyxoa 1 l
0.717,bazarstore,COLGATE DİŞ MƏCUNU 100 ML KÖMÜR,Colgate Diş Məcunu Herbal 100 ml
0.717,araz,Rot Front Mechta Karamel kq,Karamel Rot Front Korovka kq
0.717,neptun,Pınar 20-li Milföy Xəmiri Poset 2x500qr,Pınar 500 qr 10-lu Milfoy Xəmiri Paket
0.717,bazarstore,MAKARA BORUVARİ MAKARON KQ 1 KG,TANELLİ MAKARON BORU KQ 1 KG
0.717,bazarstore,HİCAZ TOYUQ CİYƏR DONUQ QABDA KQ 1 KG,Hicaz Toyuq Qabda Donmuş 1kq
0.717,bazarstore,ANKARA QARABAŞAQ 800 Q+YUMRU DÜYÜ HƏDİY.,Ankara 800 qr Düyü Yumru Paket
0.716,bravo,Siyəzən Çiyər Qabda Donmuş 1kq 14,Qidam Donmuş Ciyər Qabda kq
0.716,bazarstore,VITA1000 M.ŞİRƏSİ 1 L QARA QARAĞAT ŞÜŞƏ,Vita 1000 Qara Qarağat Meyvə Şirəsi 1 l
0.716,bazarstore,BAKI SARIMSAQLI SERVELAT 2 İPLİ KQ 1 KG,Hicaz Servelat Sarımsaqlı 1000qr
0.716,bazarstore,DALĞA XƏZƏR SİYƏNƏYİ DİLİM VAKUUM S/H KQ 1 KG,Dalğa Xəzər Siyənək S/H Vakum kq
0.716,neptun,Kolbasa Sab Lyubitelskaya kq,SEVİMLİ DAD KOLBASA LYUBİTELSKAYA KQ 1 KG
0.715,bazarstore,BAGDAT QABARTMA TOZU 10 Q,Kent Qabartma Tozu 10 qr
0.715,bazarstore,PALMOLİVE MAYE SABUN 300 ML AĞ ORXİDEYA,Palmolive Maye Sabun Olive 300 ml
0.714,bazarstore,QIZIL QUYU LİMONAD 1.5 L QIZILGÜL PET,Qızıl Quyu Limonad Limonlu PL/Q 1.5L
0.714,bravo,Sevimli Dad Yubileynaya Hisə Verilmiş Kolbasa 1kq 26967,Kolbasa Sevimli Dad Kübar Çiy Hisə Verilmiş  kq
0.714,bazarstore,MARJAN BASMATİ DÜYÜ 1.9 KQ,Sultan Basmati Düyü 1.9 kq
0.714,bazarstore,POMİDOR QARA KQ 1 KG,Pomidor Zirə 1kq 2502
0.714,bazarstore,HALAL NEMƏT KOLBASA İMSAK BİŞMİŞ KQ 1 KG,HALAL NEMƏT KOLBASA MANQALÜSTÜ KQ 1 KG
0.714,bazarstore,HİCAZ ŞƏMS SERVELAT KQ 1 KG,Hicaz Servelat Sarımsaqlı 1000qr
0.713,bazarstore,HALAL DAD HİSƏVERİLMİŞ TOYUQ BUDU KQ 1 KG,Halal Dad Hisə Verilmiş Toyuq Boğazı kq
0.713,neptun,Alleya İstoçnikov Essentuki N4 PL/Q 1.5L,"Su Essentuki N17 Pet 1,5lt Alleya Istochnikov"
0.713,bazarstore,POMİDOR QARA KQ 1 KG,POMİDOR KQ 1 KG
0.713,bazarstore,POMİDOR KQ 1 KG,Pomidor Zirə 1kq 2502
0.713,bazarstore,POMİDOR KQ 1 KG,Pomidor Zire kg
0.713,bazarstore,İSLAMİ KƏSİM QOŞA TOYUQ DONDURULMUŞ QABD 1 KG,İslami Kəsim Donmuş Toyuq Paket kg
0.712,bazarstore,MƏRCAN TOYUQ FİLE FARŞI DONDURULMUŞ KQ 1 KG,Mercan Donmuş Toyuq File Farşı Qab kq
0.712,bazarstore,SUN TUALET KAĞIZI 4 LÜ 2 QAT EKONOM,Sun Paper Tualet Kağızı 4lu 2 Qat
0.712,bazarstore,NOVA MAK MAKARON 500 Q SPAGETTİ,Odad 500 qr Makaron Spagetti
0.712,bazarstore,BADIMCAN YERLİ KQ 1 KG,BADIMCAN KQ 1 KG
0.712,bazarstore,BADIMCAN ALACA KG 1 KG,BADIMCAN KQ 1 KG
0.712,bazarstore,NEKTARIN YERLI KG 1 KG,NEKTARIN KQ 1 KG
0.712,bazarstore,JACOBS MONARC KOFE 190 Q PAKET,Jacobs Monarch 190 qr Kofe (Şüşə Qabda)
0.712,bazarstore,YASTI NEKTARİN KQ 1 KG,NEKTARIN KQ 1 KG
0.712,bravo,Zəncəfil 1kq 2547,Zəncəfil (İmbir) kq
0.712,bravo,Badımcan 1kq 2391,BADIMCAN YUMRU KQ 1 KG
0.712,bravo,Badımcan 1kq 2391,BADIMCAN YERLİ KQ 1 KG
0.712,bravo,Badımcan 1kq 2391,BADIMCAN ALACA KG 1 KG
0.712,araz,Badımcan kg,BADIMCAN YERLİ KQ 1 KG
0.712,araz,Badımcan kg,BADIMCAN ALACA KG 1 KG
0.712,araz,Badımcan kg,BADIMCAN YUMRU KQ 1 KG
0.711,bazarstore,AZERCAY BUKET 250 Q ŞƏFFAF PAKET,Çay Azerçay 250qr Buket 4760062100877
0.711,bazarstore,MOR-MOR MİNERAL SU 500 ML QAZLI,Kobi Mineral Qazlı Su 0.5 l
0.711,araz,Ləzzət Donmuş Paket Toyuq kg,Ləzzət Toyuq Tabaqda Dondurulmuş kg
0.711,bazarstore,SİYƏZƏN D.T TƏZƏ FİLE AÇIQ KQ 1 KG,Tac File Təzə Açıq kq
0.711,bravo,Mentos Nanəli Saqqız 15.5qr,Mentos 15.5 qr Saqqız Fresh Nanə
0.711,bazarstore,BLACK JACK VISKI 250 ML,Abşeron Şərab 0.25lt Black Jack Viski
0.711,bazarstore,AHMAD ÇAY CEYLON 500 Q,Cay Ahmad 500gr F b o p f 6408
0.711,bazarstore,UZUN DÜYÜ 1 KQ,Marjan Düyü Uzun 1 kq
0.711,neptun,Ahmad Çay Celyon 250 qr,Cay Ahmad 250gr F b o p f 6392
0.711,rahat,Cay Ahmad 500gr D q 7498,AHMAD ÇAY CEYLON 500 Q
0.711,bazarstore,ESTELLA OZZO DOLCE PALLA CIYELEK KG 1 KG,Konfet Estella Dolcee Palla Ozzo kq
0.71,bazarstore,HALAL NEMƏT KOLBASA MANQALÜSTÜ KQ 1 KG,Halal Nemət Manqalüstü Sosis 1kq 606
0.71,bazarstore,SİYƏZƏN D.T TƏZƏ BUD BUTULKA AÇIQ KQ 1 KG,Tac Butulka Təzə Açıq kq
0.71,neptun,Kolbasa Sab Doktorskaya kq,VLADİMİR KOLBASA DOKTORSKAYA 1 SORT KQ 1 KG
0.71,bazarstore,SANDORA GOLD M.ŞİRƏSİ 950 ML ALBALI TP,Sandora 0.95lt Meyvə Şirəsi Albalı Paket
0.71,bazarstore,COCA COLA 300 ML ŞƏKƏRSİZ,Coca-cola 300 ml
0.709,bravo,Nestle Nesquik Kakao 13.5qr 46258175,Nestle 13.5 qr Nesquik Kakaolu Toz İçki
0.709,araz,Mercan Paket Toyuq Dondurulmuş 1kq,MƏRCAN QOŞA TOYUQ DONDURULMUŞ QABDA K 1 KG
0.709,araz,Mercan Paket Toyuq Dondurulmuş 1kq,MƏRCAN TOYUQ FİLE FARŞI DONDURULMUŞ KQ 1 KG
0.709,araz,Mercan Toyuq Dondurulmuş 1kq,MƏRCAN QOŞA TOYUQ DONDURULMUŞ QABDA K 1 KG
0.709,araz,Mercan Toyuq Dondurulmuş 1kq,MƏRCAN TOYUQ FİLE FARŞI DONDURULMUŞ KQ 1 KG
0.709,neptun,Erdinger 500 ml Pivə Weiblier (Şüşə Qabda),Erdinger Pivə Weibbier D/Q 500ml
0.709,bazarstore,QIZIL QUYU LİMONAD 500 ML QIZILGÜL ŞÜŞƏ,Qızıl Quyu 500 ml Limonad Zirinc (Şüşə Qabda)
0.709,bazarstore,CAPPY M.ŞİRƏSİ 500 ML ALBALI PL,Cappy Albalı 500 ml
0.709,neptun,Mərcan Toyuq Paket kq,MƏRCAN TƏZƏ TOYUQ FİLE KQ 1 KG
0.709,bazarstore,JACK DANIEL'S VİSKİ BAL 700 ML,Jack Daniel’s Viski Honey 0.7l
0.709,bazarstore,SOÇİ KOLBASA DOKTORSKAYA BİŞMİŞ KQ 1 KG,Kolbasa Ovçular Doktorskaya/Lyubitelskaya Bişmiş kq
0.708,neptun,Monkey Shoulder Scotch Viski 1l,Monkey Shoulder 1lt 5010327603056
0.708,bravo,Mercan Təzə Toyuq Bud Qabda kq,MƏRCAN TƏZƏ TOYUQ FİLESI QABDA KQ 1 KG
0.708,bazarstore,ANKARA MAKARON 500 Q QƏLƏM,Ankara Makaron Bükmə 500 qr
0.708,neptun,Car 400 qr Lopalar Qerkules Qutu,Qerkules Makfa Lopalar 400gr
0.708,neptun,Car 400 qr Qerkules Lopalar Paket,Qerkules Makfa Lopalar 400gr
0.708,bazarstore,ANKARA MAKARON 500 Q ULDUZ ŞEHRİYE,Ankara Makaron 500 qr
0.708,bazarstore,HACI TURQAY KOLBASA QAYMAQLI BİŞMİŞ KQ 1 KG,Hacı Turqay Qaymaqlı Bişmiş Doktorskaya 1kq 540
0.708,neptun,Sloboda 1lt Qarğıdalı Yağı (Plastik Qabda),Yag Sloboda Qargidali 1lt
0.708,bazarstore,SAB KOLBASA DOKTORSKAYA ELA NOV KQ 1 KG,Kolbasa Sab Doktorskaya kq
0.708,neptun,Roshen Lovita Peçenye Şokoladlı 150 qr,Lovita Pechenye Tünd Şokoladlı 150 Qr
0.708,bazarstore,VERNEL YUMŞALDICI MAYE 1.44 L LAVANDA,Vernel Parfüm Yumşaldıcı Freş Lavanda 1.44l
0.707,bazarstore,BEST BEEF SERVELAT OCAQ KQ 1 KG,Best Beef Ocaq Sosis 1 1kq 3558
0.707,bazarstore,BİOYUMURTA KƏND TOYUĞU PAKET KQ 1 KG,Kənd Toyuğu kq
0.707,bazarstore,HALAL DAD KOLBASA TOYUQLU KQ 1 KG,HALAL DAD KOLBASA OXOTNIK KQ 1 KG
0.707,bravo,Siyəzən Farş Dondurulmuş Qabda Kq,Şirvan Farş Dondurulmuş kq
0.707,bazarstore,SOĞAN KQ 1 KG,Soğan Şallot kq
0.707,bravo,Soğan Şallot kq,SOĞAN KQ 1 KG
0.707,araz,Armud kq,ARMUD ANKARA 1 KG
0.707,neptun,Natakhtari Limonad Üzüm 1 l,Natakhtari Limonad Tərxun 1 l
0.707,neptun,Natakhtari Limonad Üzüm 2 l,NATAKHTARI LİMONAD 2 L TƏRXUN PLS
0.707,bazarstore,7 DAYS KRUASSAN 200 Q QATILAŞMIŞ SÜDLÜ,Kruassan 7days 200gr Qatılaşdırılmış Süd
0.706,neptun,Sloboda 200 ml Mayonez Zeytunlu 67%,Sloboda 200 ml Mayonez Provansal 67%
0.706,neptun,Sloboda 400 ml Mayonez Zeytunlu 67%,Mayonez Provansal Sloboda Zeytun 67% 400ml 4600699505563
0.706,bazarstore,YÖRE YAŞIL ZEYTUN TUMLU KQ 1 KG,Zeytun Olive Yaşıl Tumlu kg
0.706,bazarstore,HİCAZ TƏZƏ PƏTƏNƏK AÇIQ KQ 1 KG,Mercan Təzə Pətənək Açıq kq
0.706,bazarstore,BANKETNAYA ARAQ 700 ML PREMİUM,Banketnaya Premium Vodka 700 ml 
0.706,bravo,Cappy Multimeyvə Şirəsi 200ml,Natura Multimeyvə Şirəsi 200 ml
0.706,bazarstore,DALĞA XƏZƏR SİYƏNƏYİ BAŞSIZ VAKUUM S/H K 1 KG,Dalğa Xəzər Siyənək S/H Vakum kq
0.706,araz,Simurq Təzə Bud Butulka kq,SİYƏZƏN D.T BUD BUTULKA QABDA TƏZƏ KQ 1 KG
0.706,neptun,Kolbasa Sab Lyubitelskaya kq,QAFQAZ TEAMI KOLBASA LYUBİTELSKAYA KQ 1 KG
0.705,araz,Ləzzət Donmuş Paket Toyuq kg,Ləzzət Toyuq File Dondurulmuş kg
0.705,bazarstore,SAVILLE QARA ZEYTUN 350 Q TUMSUZ,Saville Qara Zeytun Tumlu 350 Gr Şüşə Qab
0.705,bazarstore,HALAL NEMƏT KOLBASA İMSAK BİŞMİŞ KQ 1 KG,HALAL NEMƏT KOLBASA DOKT.TOYUQ YASIL KQ 1 KG
0.705,bazarstore,ATENA AĞ PENDİR KQ 1 KG,ATENA ÇANAX PENDİRİ KQ 1 KG
0.705,bazarstore,CHAMPION ÇAY 50 Q 25 TB,Champion Pekoe Çay 50 qr
0.705,rahat,Pendir Milla 250gr Pet 1294,MİLLA AĞ PENDİR KQ 250 gr
0.705,rahat,Pendir Milla 250gr Pet 1294,MİLLA AĞ PENDİR 250 Q
0.705,bazarstore,SEVİMLİ DAD BEKON ÇİY HİSƏ VERİLMİŞ KQ 1 KG,Kolbasa Sevimli Dad Kübar Çiy Hisə Verilmiş  kq
0.704,bazarstore,UZUN ÖMÜR İVANOVKA PENDİR KQ 1 KG,Uzun Ömür İvanovka Kəsmik 1kq 3180
0.704,bazarstore,SAFEGUARD SABUN 90 Q KLASSİC,Sabun Safeguard Limon 90qr 4015600847104
0.704,bazarstore,HACI TURQAY SOSİSKA KÖZLƏMƏ QAB KQ 1 KG,Hacı Turgay Közləmə Sosis 1kq 544
0.704,bazarstore,SAB KOLBASA LYUBITELSKI ELA NOV KQ 1 KG,Kolbasa Sab Lyubitelskaya kq
0.704,neptun,Kolbasa Sab Lyubitelskaya kq,QƏDİM DAD KOLBASA LYUBİTELSKAYA KQ 1 KG
0.703,bazarstore,ROSHEN PEÇENYE 150 Q ESMERALDA ŞOKOLADLI,Roshen Lovita Peçenye Dark Şokoladlı 150 qr
0.703,bazarstore,SİYƏZƏN D.T QANAD QABDA TƏZƏ KQ 1 KG,Mercan Təzə Qanad Qabda kq
0.702,bazarstore,BİOTEÇ STƏKAN BOZ 240 ML 10 LU,Biotech 240 ml Bio Stəkan 10-lu
0.702,bazarstore,KAİJA SKUMBRİYA FİLE 170 Q TOMATDA,Kaija 170 qr Skumbriya File Tomat Sousunda (Dəmir Qabda)
0.702,bazarstore,HALAL NEMƏT KOLBASA MANQALÜSTÜ LYUB KQ 1 KG,H.n Halal Kolb Manqalüstü Lyuba kg
0.702,bazarstore,JACOBS MONARCH KOFE 3Ü 1DE 15 Q,Jacobs Monarch 15 qr Kofe Caramel 3-ü 1-də
0.702,araz,Mərcan Donmuş Bud Butulka 1 kq,MƏRCAN TƏZƏ TOYUQ BUD BUTULKA AÇIQ KQ 1 KG
0.702,bazarstore,PAKMAYA MAYA 60 Q,Pakmaya Xəmir Mayası 60 qr
0.702,bazarstore,BEST BEEF SERVELAT KABANOSSI KQ 1 KG,BEST BEEF SERVELAT QOYUN QIRMIZI KQ 1 KG
0.702,bazarstore,RAC LOKUM FISTIQLI ŞOKOLADLI KQ 1 KG,Rac Lokum Araxis/Şokoladlı kq
0.701,bazarstore,QIZIL QUYU LİMONAD 1.5 L QIZILGÜL PET,"Qızıl Quyu Limonad Üzüm 1,5 l"
0.701,bazarstore,ESTELLA OZZO DOLCE PALLA ANANAS KG 1 KG,Konfet Estella Dolcee Palla Ozzo kq
0.701,bazarstore,ESTELLA OZZO DOLCE PALLA PORTAGAL KG 1 KG,Konfet Estella Dolcee Palla Ozzo kq
0.701,bazarstore,BİZİM DANA SERVELAT KQ 1 KG,Bizimdad Servelat Kq 8981
0.701,bazarstore,MAKARA MAKARON 500 Q BURGU,Piyale Makaron Burgu 500 Gr
0.701,bazarstore,QLAVPRODUKT XARDAL 170 Q,Qlavprodukt 170 qr Xardal Dəridə Şaxta
0.701,neptun,Göyçay  Çanaq Pendiri 1 kq,Goycay Çanax Pendiri 1 Kg 1x10 (əd)
0.701,bazarstore,HALAL NEMƏT SERVELAT 2 İPLİ KQ 1 KG,Halal Nemət Oxotniçiy Servelat Kq 2380
0.7,bazarstore,OVCULAR KOLBASA DOKTORSKAYA EKSTRA KQ 1 KG,Kolbasa Ovçular Doktorskaya/Lyubitelskaya Bişmiş kq
0.7,bazarstore,DALĞA SKUMBRİYA KQ S/H 1 KG,DALĞA SKUMBRİYA S/H VAKUUM KQ 1 KG
0.7,bazarstore,QIZIL QUYU LİMONAD 500 ML QIZILGÜL ŞÜŞƏ,Qızıl Quyu 0.5lt Limonad Limon Pl/q
0.7,araz,Mercan Paket Toyuq Dondurulmuş 1kq,MƏRCAN TOYUQ QİYMƏ DONDURULMUŞ QABDA KQ 1 KG
0.7,araz,Mercan Toyuq Dondurulmuş 1kq,MƏRCAN TOYUQ QİYMƏ DONDURULMUŞ QABDA KQ 1 KG
0.7,neptun,Simurq Toyuq File Dondurulmush Qabda Kg,Simurq Donmuş File Qabda kq
0.7,bazarstore,OVCULAR KOLBASA XLEBNO HALAL KQ 1 KG,Ovçular Həvəskar Halal Kolbasa 1kq
0.699,bazarstore,HALAL DAD SARDELKA KQ 1 KG,Cennet Halal Sardelka kg
0.699,bazarstore,AQUAVİTA SU 500 ML QAZSIZ,Su Qazsiz Darida Aqua 500ml
0.699,bravo,Sab Doktorskaya Bişmiş Kolbasa 1kq 1821,SEVİMLİ DAD KOLBASA DOKTORSLAYA BİŞMİŞ K 1 KG
0.699,bazarstore,SİYƏZƏN D.T FİLE QABDA DONDURULMUŞ KQ 1 KG,Ləzzət Dondurulmuş File Qabda kg
0.699,bazarstore,RESTOREX ŞAMPUN 500 ML QURU SAÇLAR,Restorex Şampun Quru Yıpranmış 500 ml
0.698,bazarstore,BADAMLI SU 500 ML QAZLI,Gəmiqaya Badamlı Qazlı Mineral Su 500 ml
0.698,bazarstore,BADAMLI SU 1 L QAZLI,Gəmiqaya Badamlı Qazlı Mineral Su 1 l
0.698,bazarstore,HİCAZ TOYUQ DONUQ PAKET KQ 1 KG,HİCAZ TOYUQ DONDURULMUŞ QABDA KQ 1 KG
0.698,bazarstore,BORGES ZEYTUN YAĞI 750 ML SARI,Zeytun Bağları Zeytun Yağı 0.75 l
0.698,bazarstore,QAF MİNERAL SU 200 ML ALMA,Sarıkız Mineral Su Alma 200 ml
0.698,bazarstore,CRYSTALEX QABYUYAN MAYE 750 ML QREYPFRUT,Crystalex Qabyuyan Maye Limon 750 ml
0.698,neptun,Ləzzət Toyuq File Dondurulmuş kg,SƏBA TOYUQ FİLE DONDURULMUŞ QABDA KQ 1 KG
0.698,bazarstore,BORDO KOLBASA DOKTORSKAYA BİŞMİŞ KQ 1 KG,Kolbasa Kral Zəngəzur Bişmiş Doktorskaya kq
0.698,bazarstore,KARMEN MAKARON VERMİŞEL KQ 1 KG,Tac Makaron Vermişel kq
0.698,bazarstore,ABC ŞÜŞƏ TƏMİZLƏYİCİ 500 ML,Bellosil Şüşə Təmizləyici 500 ml
0.698,bazarstore,KRAL KOLBASA TOYUQLU KQ 1 KG,Kral Toyuq Bişmiş Kolbasa Kq 533
0.697,bazarstore,OLİTALİA QARĞIDALI YAĞI 1 L ŞÜŞƏ,Divo 1lt Qarğıdalı Yağı (Şüşə Qabda)
0.697,bazarstore,HALAL NEMƏT SERVELAT SALYAMİ KQ 1 KG,Halal Nemət Oxotniçiy Servelat Kq 2380
0.697,bazarstore,NİVEA TƏRAŞ GELİ 200 ML NƏMLƏNDİRİCİ,Nivea Men Teraş Geli Təravətləndirici 200ml
0.696,bazarstore,HALAL NEMƏT KOLBASA İMSAK LYUBİTELSKAYA 1 KG,Kolbasa Halal Nemət İmsak Yağsız kq
0.696,bravo,Mercan Təzə Toyuq Bacaq Qabda kq,MƏRCAN TƏZƏ TOYUQ BUD DİBİ QABDA KQ 1 KG
0.696,bazarstore,PAYIM KOLBASA QOVYAJIY KQ 1 KG,Kolbasa Sab Qovyajiy kq
0.696,bazarstore,SƏBA TƏZƏ CİYƏR AÇIQ KQ 1 KG,Giləzi Təzə Ciyər Açıq kq
0.696,bazarstore,NATAKHTARI LİMONAD 2 L TƏRXUN PLS,Natakhtari Limonad Üzüm 2 l
0.696,bazarstore,ANKARA MAKARON 500 Q QƏLƏM,Harika Makaron Qələm 500qr
0.696,bazarstore,COLGATE DİŞ MCN 75 ML OPTIC WHİTE CAY,Colgate Optic White Charcoal Diş Məcunu 75ml
0.696,bazarstore,HALAL DAD SOSİSKA İVERİYA KQ 1 KG,H.n Halal İveriya 5+ kg
0.696,bazarstore,KRAL SARDELKA HALAL KQ 1 KG,Cennet Halal Sardelka kg
0.696,bazarstore,AZERCAY BUKET 450 Q +100 Q HƏDİYYƏ,AZERCAY BUKET 450 Q
0.695,bazarstore,ROSHEN MİNKY BİNKY İRİS KONFET KQ 1 KG,Roshen Minky Binky Qarışıq Meyvəli Iris kq 4037
0.695,bazarstore,TANELLİ MAKARON BURMA KQ 1 KG,TANELLİ MAKARON BORU KQ 1 KG
0.695,bazarstore,TANELLİ MAKARON BURĞU KQ 1 KG,TANELLİ MAKARON BORU KQ 1 KG
0.695,bazarstore,FAVELLI MAKARON 500 Q BURMA,Favelli Makaron Boruvari 500 qr
0.695,bazarstore,SEVELLA MAKARON 500 Q SPAGETTİ,Odad 500 qr Makaron Spagetti
0.695,neptun,Sarıkız Mineral Su Limon 200 ml,Su Mineral Kula Limon 200ml*24
0.695,bazarstore,EHRMANN XAMA 185 Q 15%,Ehrmann Xama 15% Smetanovna 185 qr
0.694,bravo,Mərcan Premium Soyudulmuş Bud Dibi kq 21014,Mərcan Toyuq Soyudulmuş Bud Dibi (Bacaq) Kg
0.694,bazarstore,SEVİMLİ DAD SERVELAT YUBİLEY KQ 1 KG,Sd Yubiley Servelat kq
0.694,spar,Simurq Donmuş Paket Toyuq kq,Simurq Bütöv Toyuq Dondurulmuş kg
0.694,bazarstore,OVÇULAR SOSİSKA IZQARA KQ 1 KG,OVCULAR SOSİSKA KÜLLƏMƏ HALAL KQ 1 KG
0.694,bazarstore,KEREM BİTKİ YAĞ SPREDİ KQ 1 KG,Kərəm Bitki-Yağı Spredi 1 kq
0.694,bazarstore,FİLİZ MAKARON 500 Q FİYONK,Ankara Makaron Fiyonk 500 qr
0.694,neptun,Protex Maye Sabun Freş 300 ml,Sabun Maye Protex Ultra 300ml 8693495008358
0.694,bazarstore,PÜSTƏ ANTEP KQ 1 KG,Tp-Buta Püstə Antep kq
0.694,bravo,Kişmiş Sarı A 250 qr,Tac Kişmiş Sarı İri 250qr
0.694,bravo,Kişmiş Sarı B 250 qr,Tac Kişmiş Sarı İri 250qr
0.694,bravo,Coca-Cola Şəkərsiz Şüşə 330ml,Coca-Cola 330 ml
0.694,bazarstore,OVCULAR KOLBASA KÜLLƏMƏ DOKTORSKAYA KQ 1 KG,Kolbasa Ovçular Doktorskaya/Lyubitelskaya Bişmiş kq
0.694,bazarstore,GOYCAY SÜD ÇANAX PENDİR KQ 1 KG,Pendir Göyçay Çanax Ağ Yağlı kq
0.694,bazarstore,MEYSERI ŞƏRAB 750 ML BİLLURİ,Meyseri Billur Ağ Quru Şərab 750ml
0.694,bazarstore,GOYCAY SÜD ÇANAX PENDİR 1 KQ,Pendir Göyçay Çanax Ağ Yağlı kq
0.694,bazarstore,ZOLOTOY SAD M.ŞİRƏSİ 200 ML ALBALI TP,Zolotoy Sad Ərik Şirəsi 200 ml
0.694,neptun,Natakhtari Limonad Üzüm 1 l,Limonad Natakhtari Slivki Pl 1 Lt
0.694,neptun,Natakhtari Limonad Krem 1 l,Limonad Natakhtari Slivki Pl 1 Lt
0.694,bazarstore,BS SERVELAT QOYUN KQ 1 KG,BEST BEEF SERVELAT QOYUN QIRMIZI KQ 1 KG
0.694,bazarstore,KONTI PEÇENYE DEN I NOÇ KQ 1 KG,Konti Den i Noch Sendviç Peçenye kq
0.693,bazarstore,PATRON GÜNƏBAXAN TUMU QARA 120 Q İRİ D.,Çiko Qara Günəbaxan Tumu 120 qr
0.693,neptun,Kolbasa Sab Lyubitelskaya kq,BİZİM DANA KOLBASA LYUBİTELSKAYA KQ 1 KG
0.693,neptun,Alleya İstoçnikov Essentuki N4 0.5 l,"Su Esentuki N17 Elita 0,5lt Alleya Istochnikov"
0.693,bazarstore,DİROL XXL SAQQIZ 19 Q NANƏLİ,DİROL XXL SAQQIZ 19 Q QARPIZLI
0.693,bazarstore,MORENA SKUMBRİYA S/H VAKUUM KQ 1 KG,DALĞA SKUMBRİYA S/H VAKUUM KQ 1 KG
0.693,bazarstore,HALAL NEMƏT SOSİSKA SEHER KQ 1 KG,Halal Nemət Səhər Sosis Kq 28094
0.693,bazarstore,KAİJA SKUMBRİYA 240 Q TOMATDA,Seleste 240 qr Skumbriya Tomatda
0.693,bazarstore,MILCH FARM QAUDA PENDİR KQ 1 KG,Milch Farm Gaudina Pendir 1kq 17151
0.693,bazarstore,FIYONK KREKER KQ 1 KG,Ani Fiyonik Kreker kq
0.693,bazarstore,KARMEN MAKARON 500 Q SPAGETTİ,Harika 500 qr Makaron Spagetti
0.693,bravo,Cappy Multimeyvə Şirəsi 200ml,Cappy Meyvə Şirəsi Albalı 200 ml
0.693,neptun,Savalan Qırmızı Şərab 2010 Alicante Bouschet S/Q 750ml,Çaxır Savalan Alicante Bouscbet 750ml Mizi 4760090800152
0.692,bazarstore,OVCULAR KOLBASA KÜLLƏMƏ DOKTORSKAYA KQ 1 KG,Ovçular Hind Quşu Doktorskaya Kolbasa 1kq
0.692,bazarstore,LƏZİZ ÇƏRƏZ GÖYƏM QURUSU KQ 250 gr,LƏZİZ ÇƏRƏZ MANQO QURUSU NATURAL KG 250 gr
0.692,bazarstore,LƏZİZ ÇƏRƏZ VİŞNƏ QURUSU KQ 250 gr,LƏZİZ ÇƏRƏZ MANQO QURUSU NATURAL KG 250 gr
0.692,bazarstore,LƏZİZ ÇƏRƏZ ARMUD QURUSU KQ 250 gr,LƏZİZ ÇƏRƏZ MANQO QURUSU NATURAL KG 250 gr
0.692,bazarstore,SNICKERS ŞOKOLAD MINIS KQ 1 KG,Şokolad Snickers Assorti kq
0.692,bazarstore,ROT FRONT FEYXOA KARAMEL KQ 1 KG,Rot Front Snejok Karamel kq
0.692,neptun,Dr.Milk  Xama Kaunasskaya 20%  350 qr,DR.MİLK KAUNAS XAMA 350 Q 20%
0.692,neptun,Dr.Milk  Xama 20% Kaunasskaya 200 qr,DR.MİLK KAUNAS XAMA 200 Q 20%
0.692,neptun,Karamel Rot Front Gavalı kq,ROT FRONT FEYXOA KARAMEL KQ 1 KG
0.692,bazarstore,KALİNKA BİTKİ YAĞ SPREDİ KQ 1 KG,Xoman Bitki Kərə Spredi Yağ 1 kq
0.692,bazarstore,HİCAZ TƏZƏ BUD BÜTÖV AÇIQ KQ 1 KG,HİCAZ TƏZƏ BUD BUTULKA AÇIQ KQ 1 KG
0.692,bazarstore,FERSAN ALMA SİRKƏSİ 500 ML ŞÜŞƏ,Seçmə Alma Sirkəsi Şüşə 500ml
0.691,bazarstore,GLASE QABYUYAN MAYE 750 ML LİMON,Crystalex Qabyuyan Maye Limon 750 ml
0.691,bazarstore,GOLD WIND HAVA TRVT 300 ML OKEAN,Gold Wind Hava Təravətləndirici Okean  300 ml
0.691,bravo,Mercan Təzə Toyuq Qabda kq,MƏRCAN TƏZƏ TOYUQ BUD BUTULKA QABDA KQ 1 KG
0.691,bazarstore,MILCH FARM PENDİR TİLİSINA KQ 1 KG,Milch Farm Gaudina Pendir 1kq 17151
0.691,neptun,Harmony Krem Şanti Kakaolu 150 Gr,Krem Santi Burcak Kakaolu 150 Qr
0.691,bazarstore,ELVAN TOFFİX MİX KONFET STİCK KQ 1 KG,Elvan Toffix Stick Karamel kq
0.691,bazarstore,BEST BEEF SERVELAT NAZİK UZUN KQ 1 KG,BEST BEEF SERVELAT QOYUN QIRMIZI KQ 1 KG
0.691,bazarstore,BEST BEEF SERVELAT OXOT PAÇKA KQ 1 KG,BEST BEEF SERVELAT QOYUN QIRMIZI KQ 1 KG
0.691,bazarstore,BREST LİTOVSK PENDİR 200 Q YAĞLI 50%,Brest-litovsk Pendir Rossiyskiy 50% 200 qr
0.691,bazarstore,"I'M TEA SOYUQ CAY 0,33 LT MOH LAYM NANE",I Am Tea Soyuq Çay Moxito Laym&Nanə 330 ml
0.69,bazarstore,DALĞA SKUMBRİYA DİLİM S/H VAKUUM KQ 1 KG,MP Fish Port Skumbriya Dilim Vakuum kg
0.69,bravo,Səba Donmuş Toyuq Qanadları Qabda kq,SƏBA TOYUQ DONDURULMUŞ QABDA KQ 1 KG
0.69,bazarstore,BADIMCAN ANAMUR KQ 1 KG,BADIMCAN KQ 1 KG
0.69,bazarstore,NEKTARIN SELELI KQ 1 KG,NEKTARIN KQ 1 KG
0.69,bravo,Badımcan 1kq 2391,BADIMCAN ANAMUR KQ 1 KG
0.69,araz,Badımcan kg,BADIMCAN ANAMUR KQ 1 KG
0.69,bazarstore,QIZIL QUYU LİMONAD 500 ML TƏRXUN PET,Qızıl Quyu 0.5lt Limonad Limon Pl/q
0.69,bazarstore,SAVILLE QARA ZEYTUN 300 Q TUMSUZ,Bonduelle Qara Zeytun Tumsuz 300 qr
0.69,bazarstore,HALAL NEMƏT SERVELAT QOYUN KQ 1 KG,OVQAT SERVELAT QOC HALAL VAKUUM KQ 1 KG
0.69,bazarstore,KLESTKAYA SIROK 45 Q VANIL,Kletskaya Krinachka Sirok Vanil 45qr
0.689,bazarstore,SİYƏZƏN D.T QIRMIZI DONDURULMUŞ PAKET KQ 1 KG,Siyəzən Farş Dondurulmuş Qabda Kq
0.689,bazarstore,HALAL NEMƏT KOLBASA MANQALÜSTÜ KQ 1 KG,H.n Halal Kolb Manqalüstü Lyuba kg
0.689,bazarstore,OVÇULAR KOLBASA DOKTOSKAYA DOMAŞNAYA KQ 1 KG,Ovçular Pepe Doktorskaya Kolbasa Uşaqlar üçün 1kq
0.689,bazarstore,POMİDOR SİVRİ KQ 1 KG,POMİDOR KQ 1 KG
0.689,bazarstore,AYSBERQ KQ 1 KG,Kələm Aysberq kq
0.689,bazarstore,POPKORN 1 KQ,Dənli Popkorn kq
0.688,bazarstore,QUICKBURY BURGER ÇÖRƏYİ 300 Q KÜNCÜTLÜ,Quickbury 4-lu Küncüd ilə Burger 300 qr
0.688,bazarstore,BADAMLI SU 330 ML QAZSIZ,Gəmiqaya Badamlı Qazsız Mineral Su 330 ml
0.688,bazarstore,OVCULAR KOLBASA TOYUQ DOKTORSKAYA KQ 1 KG,Kolbasa Ovçular Doktorskaya/Lyubitelskaya Bişmiş kq
0.687,neptun,Kolbasa Sevimli Dad Zernistaya kq,SEVİMLİ DAD KOLBASA MİLANSKAYA KQ 1 KG
0.687,bravo,Mercan Təzə Toyuq Bacaq Qabda kq,MƏRCAN TƏZƏ TOYUQ FİLESI QABDA KQ 1 KG
0.686,bazarstore,KARTOF FILE 3 KQ,Kartof Setka 3 kq
0.686,bazarstore,RUSSKİY PRODUKT GERKULES 420 Q,Russkiy Produkt  Qerkules Ənənəvi Qutu 420 qr
0.686,bazarstore,ORION CHOCO PİE 360 Q QARA QARAĞAT,Orion Choco Pie Qarpızlı 360 qr
0.686,bazarstore,MİSTER TUM GÜNƏBAXAN TUMU 120 Q QARA,Çiko Qara Günəbaxan Tumu 120 qr
0.686,araz,Hicaz Toyuq Qabda Donmuş 1kq,HİCAZ TOYUQ BUD DİBİ DONUQ QABDA KQ 1 KG
0.686,bravo,Roshen Minky Binky Qarışıq Meyvəli Iris kq 4037,ROSHEN MINKY BINKY İRİS 1 KQ PAKET
0.686,bazarstore,PINAR SU 1 L QAZSIZ,Dubrar 1lt Qazsız Su
0.686,bazarstore,PINAR SU 500 ML QAZSIZ,Dübrar Qazsız Su 0.5 l
0.686,bravo,Dana Döş Sümüklü 1 kq,Ət Dana Sümüklü Ət kq
0.686,bazarstore,ARIEL YUYUCU TOZ 3 KQ RƏNGLİ,Persil 3 kq Avtomat Yuyucu Toz Rəngli
0.686,neptun,Kolbasa Sab Doktorskaya kq,QAFQAZ TEAMI KOLBASA DOKTORSKAYA KQ 1 KG
0.686,bazarstore,PAPIA TUALET KAĞIZI 4 LÜ 3 QAT,Papia Tualet Kağızı Deluxe Ətirli 4-lü Rulon 3 Qat
0.686,bazarstore,ECE YAŞIL ZEYTUN TUMLU KQ 1 KG,Zeytun Ece Yaşıl Tumsuz Izgara kq
0.686,bazarstore,BARILLA MAKARON 450 Q SPAGHETTONI N7,BARILLA MAKARON 450 Q RISONI N26
0.686,bazarstore,VERNEL YUMŞALDICI MAYE 1.44 L LAVANDA,Vernel Yumşaldıcı Rose 1.44L
0.685,bazarstore,MAKARA MAKARON 500 Q BURGU,Arbella Makaron Burgu 500 gr
0.685,bazarstore,MAKARA MAKARON 500 Q BURGU,FAVELLI MAKARON 500 Q BURMA
0.685,bazarstore,SAFRAN XARDAL 155 Q,Safran 155 qr Süfrə Xardalı
0.685,bazarstore,PAULANER HELL PİVƏ 500ML,Pivə Paulaner Tü 500ml 4066600611981
0.685,bazarstore,CAN PA MİX LOKUM ÇƏRƏZLİ KQ 1 KG,Can-pa Cevizli Lokum Kq 5008
0.685,bravo,Cpl Kəsmik Çiyələkli 1kq 6498,Cpl Kəsmik Çəkili 1 kq
0.685,bazarstore,ROSKO SOSİSKA SÜDLÜ KQ 1 KG,Sosiska Rosko Sardelka kq
0.685,bazarstore,YASHKINO KONFET NOTA BUM KQ 1 KG,Konfet Kdv Nota Bum kq
0.685,bazarstore,KRAL SERVELAT KRAKOV KQ 1 KG,KRAL SERVELAT QOYUN HALAL KQ 1 KG
0.685,bazarstore,HİCAZ SERVELAT ŞAM KQ 1 KG,Hicaz Servelat Klassik 1000qr
0.685,bazarstore,CİF KREM ACTİVE 500 ML LİMON ƏTİRLİ,Cif Krem Limon 500ml 8717163044698
0.684,bazarstore,MÖCÜZƏ QARĞIDALI YAĞI 1 L KƏRƏ LƏZZƏTLİ,Möcüzə Kərə Ləzzətli Günəbaxan Yağı 1 l
0.684,bazarstore,QIZIL QUYU LİMONAD 1.5 L ARMUD PET,Qızıl Quyu Limonad Limonlu PL/Q 1.5L
0.684,bazarstore,HALAL DAD HİSƏVERİLMİŞ TOYUQ QANAD KQ 1 KG,Halal Dad Hisə Verilmiş Toyuq Boğazı kq
0.684,bazarstore,MƏRCAN TƏZƏ TOYUQ BUD BUTULKA AÇIQ KQ 1 KG,Mərcan Toyuq Soyudulmuş Bud Butulka kg
0.684,bravo,Red Bull Yellow Edition Enerji İçkisi 250ml,Red Bull The Yellow Edition 250 ml
0.684,araz,Armud kq,ARMUD CİN KQ 1 KG
0.684,neptun,Pepsi Max Yeni 2 l,Pepsi 2 l
0.684,bazarstore,AAF SKUMBRİYA DİLİM S/H VAKUUM KQ 1 KG,MP Fish Port Skumbriya Dilim Vakuum kg
0.683,bazarstore,ILGIM ŞƏKƏRLİ VANİL 5 Q,Kent Vanil Şəkərli 5 qr
0.683,bazarstore,YURDUM FETA PENDİR KQ 1 KG,YURDUM ÇANAX PENDİR KQ 1 KG
0.683,bazarstore,HALAL DAD SARDELKA İVERİYA KQ 1 KG,H.n Halal İveriya 5+ kg
0.683,neptun,Xırdalan Non Filtered Pivə 500 ml,Xırdalan 9 Pivə Şüşə 500ml
0.683,araz,Simurq Təzə Bud Butulka kq,SİYƏZƏN D.T TƏZƏ BUD BUTULKA AÇIQ KQ 1 KG
0.683,neptun,Kolbasa Sab Lyubitelskaya kq,RETRO ANSAR KOLBASA LYUBİTELSKAYA KQ 1 KG
0.683,neptun,Kolbasa Sab Lyubitelskaya kq,ROSKO HALAL KOLBASA LYUBİTELSKAYA KQ 1 KG
0.683,bazarstore,MƏRCAN TƏZƏ TOYUQ BUD BUTULKA QABDA KQ 1 KG,Mərcan Toyuq Soyudulmuş Bud Butulka kg
0.683,neptun,Old Spice Dezodorant Stick Whitewater 50ml,Old Spice Whitewater 50 Ml
0.683,bazarstore,FİLİZ MAKARON 500 Q BURGU,FAVELLI MAKARON 500 Q BURMA
0.683,bazarstore,AIDIN İRAN KARAMELI KQ 1 KG,Aidin Meyvəli Karamel kq
0.683,neptun,Olmeca Tequila Blanco 0.75 L,Olmeca Tequila Gold 750ml
0.683,bazarstore,ZOLOTOY SAD M.ŞİRƏSİ 200 ML MULTİFRUKT,Zolotoy Sad Ərik Şirəsi 200 ml
0.683,bazarstore,ZOLOTOY SAD M.ŞİRƏSİ 200 ML MULTİFRUKT,Zolotoy Sad Alma Şirəsi 200 ml
0.682,bazarstore,HALAL DAD KOLBASA LƏZİZ TAM KQ 1 KG,HALAL DAD KOLBASA OXOTNIK KQ 1 KG
0.682,bazarstore,HALAL DAD KOLBASA MAL ƏTİ KQ 1 KG,HALAL DAD KOLBASA OXOTNIK KQ 1 KG
0.682,bazarstore,SİYƏZƏN D.T TƏZƏ CİYƏR AÇIQ KQ 1 KG,Giləzi Təzə Ciyər Açıq kq
0.682,bazarstore,CAN PA MARMELAD JOLE KQ 1 KG,CAN PA MARMELAD ÇİYƏLƏKLİ KQ 1 KG
0.682,bazarstore,GOYCAY SÜD ÇANAX PENDİR KQ 1 KG,Göyçay  Çanaq Pendiri 1 kq
0.682,bazarstore,GOYCAY SÜD ÇANAX PENDİR 1 KQ,Göyçay  Çanaq Pendiri 1 kq
0.682,bravo,Komili 2 lt Qarğıdalı Yağı,Final Qarğıdalı Yağı 2 l
0.682,araz,Mercan Paket Toyuq Dondurulmuş 1kq,MƏRCAN TOYUQ PƏTƏNƏK DONDURULMUŞ QABDA K 1 KG
0.682,araz,Mercan Toyuq Dondurulmuş 1kq,MƏRCAN TOYUQ PƏTƏNƏK DONDURULMUŞ QABDA K 1 KG
0.682,bazarstore,RAHAT KARAMEL KOROVKA KQ 1 KG,Karamel Rot Front Korovka kq
0.682,bazarstore,KARMEN MAKARON 500 Q SPAGETTİ,Odad 500 qr Makaron Spagetti
0.682,bravo,Roshen Racki Karamel kq 1860,ROSHEN JOIZY KARAMEL KQ 1 KG
0.682,bravo,Roshen Duses Karamel kq,ROSHEN JOIZY KARAMEL KQ 1 KG
0.682,neptun,Sloboda 200 qr Ketçup Acılı Paket,Sloboda 200 qr Ketçup Kabablıq Paket
0.682,neptun,Lays 70 qr Çips Paprika,Cipsi Lays Ruflenie Paprika 70 Qr
0.682,bazarstore,QIZIL QUYU LİMONAD 500 ML ARMUD ŞÜŞƏ,Qızıl Quyu 500 ml Limonad Armud (Plastik Qabda)
0.681,bazarstore,ABSOLUT ARAQ 1 L BLUE SWEDEN,Araq Absolut 1lt 7312040017034
0.681,neptun,Mərcan Toyuq Paket kq,MƏRCAN TOYUQ DONDURULMUŞ PAKET KQ 1 KG
0.681,neptun,Kəsmik 180 qr Yağlı 9%,Dr.milk Kəsmik Yağlı 9 % 180 qr
0.681,bazarstore,HİCAZ TƏZƏ CİYƏR AÇIQ KQ 1 KG,SİYƏZƏN D.T TƏZƏ CİYƏR AÇIQ KQ 1 KG
0.681,bazarstore,HİCAZ TƏZƏ CİYƏR AÇIQ KQ 1 KG,Giləzi Təzə Ciyər Açıq kq
0.681,neptun,Islami K. Toyuq Bud Dibi kq,DAJAJTİ TOYUQ BUD DİBİ KQ 1 KG
0.681,bazarstore,SILVER AYAQQABI BOYASI 50 ML QARA,Silver Express Ayaqqabı Kremi Qara 50ml
0.681,bazarstore,CRYSTALEX QABYUYAN MAYE 750 ML NAR,Crystalex Qabyuyan Maye Yaşıl Alma  750 ml
0.681,bazarstore,SAFEGUARD MAYE SABUN UŞAQ  225 ML TROPİK,Maye Sabun Safeguard Aloe 225ml 5410076352586
0.681,bazarstore,NATUREL M.ŞİRƏSİ 200 ML ALBALI 6-LI TP,Cappy Albalı Şirəsi 200ml Tp
0.681,bazarstore,TANELLI MAKARON VERMEŞIL KQ 1 KG,Tanelli 1 kq Vermeşil Nazik
0.681,bazarstore,SƏBA TƏZƏ PƏTƏNƏK AÇIQ KQ 1 KG,Mercan Təzə Pətənək Açıq kq
0.681,bravo,Ovqat Soba Sosisləri 1kq 6132,Ovqat Halal Soba Sosis kg
0.68,bazarstore,BALTIKA KULER PİVƏ 470 ML SWEET LIME ŞÜŞ,Baltika Kuler Pivə 470ml
0.68,bazarstore,MALOÇNİK MOZZARELLA PENDİR KQ 1 KG,Südçü Pendir Mozzarella 1kq
0.68,bravo,Best Beef Premium Doktor Kq 27614,BEST BEEF KOLBASA SELSKAYA DOKTORSKAYA 1 KG
0.68,araz,Hicaz Toyuq Paket Dondurulmuş 1kq,SƏBA TOYUQ DONDURULMUŞ GÖY PAKET KQ 1 KG
0.68,rahat,Kofe Soyuq Icecek Latte 240 Ml,NESCAFE LATTE 240 ML SOYUQ KOFE
0.68,bazarstore,SƏBA TƏZƏ BUD BUTULKA AÇIQ KQ 1 KG,HİCAZ TƏZƏ BUD BUTULKA AÇIQ KQ 1 KG
0.68,neptun,Natakhtari Limonad Armud 1 l,Limonad Natakhtari Slivki Pl 1 Lt
0.68,bazarstore,QIZIL QUYU LİMONAD 500 ML QIZILGÜL ŞÜŞƏ,QIZIL QUYU LİMONAD 500 ML ARMUD ŞÜŞƏ
0.68,bazarstore,QIZIL QUYU LİMONAD 500 ML QIZILGÜL ŞÜŞƏ,Qızıl Quyu Limonad Armud 500 ml 
0.68,bazarstore,LİTVA MOZZARELLA PENDİR KQ 1 KG,Südçü Pendir Mozzarella 1kq
0.68,bazarstore,OVCULAR SOSİSKA İVERİYA KQ 1 KG,OVCULAR SOSİSKA KÜLLƏMƏ HALAL KQ 1 KG
0.679,bazarstore,HARIKA MAKARON 500 Q BORUVARİ,Favelli Makaron Boruvari 500 qr
0.679,bazarstore,KARMEN MAKARON 500 Q SPAGETTİ,Favelli 500 qr Makaron Spagetti
0.679,bazarstore,BOL ƏT DANA ƏTI SÜMÜKLÜ KQ 1 KG,Ət Dana Antrikot Sümüklü kq
0.679,bazarstore,BIZIM TARLA KOMPOT 1 L GİLAS,Bizim Tarla Göyəm Kompotu 1 l
0.679,bravo,Sab Lyubitelskaya Bişmiş 1kq 1822,Kolbasa Sab Lyubitelskaya kq
0.679,neptun,Barilla Makaron Stellini Qutu 500 qr,BARİLLA MAKARON 500 Q SPAGHETTİ
0.679,bazarstore,BAKI KONYAK 500 ML,Azərbaycan Bakı Konyak 0.5l
0.679,bazarstore,ALMA YERLI KG 1 KG,MVT Alma Semerinka Yerli kq
0.679,bazarstore,MORENA SKUMBRİYA DİLİM S/H VAKUUM KQ 1 KG,MP Fish Port Skumbriya Dilim Vakuum kg
0.679,bravo,Mərcan Donmuş Toyuq Farşı Qab 1kq 3623,MƏRCAN TOYUQ FİLE FARŞI DONDURULMUŞ KQ 1 KG
0.679,araz,Ləzzət Dondurulmuş File Qabda kg,İSLAMİ KƏSİM FİLE DONDURULMUŞ QABDA KQ 1 KG
0.679,neptun,Ləzzət Toyuq File Dondurulmuş kg,MƏRCAN TOYUQ FİLE FARŞI DONDURULMUŞ KQ 1 KG
0.679,bazarstore,KARMEN MAKARON 500 Q SPAGETTİ,Makaron Garofalo Spagetti 500gr
0.679,bazarstore,BOL ƏT QUZU BOYUN SÜMÜKLÜ KQ 1 KG,Ət Dana Bel-boyun Sümüklü kq
0.679,bazarstore,SİYƏZƏN D.T TƏZƏ BUD BUTULKA AÇIQ KQ 1 KG,MƏRCAN TƏZƏ TOYUQ BUD BÜTÖV AÇIQ KQ 1 KG
0.679,bazarstore,LUKAS KOFELI SUFLE SOKOLAD KG 1 KG,Lukas Ərik və Sufleli Şokolad kq
0.679,bazarstore,PRAXİ YUMŞALDICI MAYE 1 L LAVANDA,Prodoxa 1lt Yumşaldıcı Lavanda
0.679,bazarstore,LUKAS ALBALI SUFLE SOKOLAD KG 1 KG,Lukas Ərik və Sufleli Şokolad kq
0.679,bazarstore,LUKAS ERIKLI SUFLE SOKOLAD KG 1 KG,Lukas Ərik və Sufleli Şokolad kq
0.679,bravo,Elar Antibakterial Bərk Sabun 90qr,Protex Sabun Antibakterial 90 qr
0.679,bazarstore,NATAKHTARI LİMONAD 2 L TƏRXUN PLS,Natakhtari Limonad Duşes 2 l
0.678,bazarstore,OVCULAR KOLBASA PƏHRİZ DOKTORSKAYA KQ 1 KG,Kolbasa Ovçular Doktorskaya/Lyubitelskaya Bişmiş kq
0.678,bazarstore,DİROL XXL SAQQIZ 19 Q NANƏLİ,Dirol 19gr XXL Mix Saqqız Nanəli Dadlar Assortisi
0.678,neptun,Natakhtari Limonad Tərxun 1 l,Limonad Natakhtari Slivki Pl 1 Lt
0.678,bazarstore,CAPPY M.ŞİRƏSİ 1 L YAŞIL ALMA PL,Pfanner Yaşıl Alma şirəsi 1 L
0.678,bazarstore,CİSTAYA LİNİYA ƏL KREMİ 75 ML QULLUQ,Çistaya Liniya Əl Kremi Çobanyastığı 75ml
0.678,bazarstore,KONFETI  LUKAS SHARZAN ASSORTI KQ 1 KG,Konfet Lukas Lukasia Assorti kq
0.678,bazarstore,NESTLE BISTROFF SIYIQ 40 Q ÇİYƏLƏKLİ,Nestle Sıyıq Bistrov Çiyələk Süd ilə 40 qr
0.678,bazarstore,CONFY ULTRA QADIN BEZI NORMAL 10 LU,Kotex Ultra 10lu Qadın Bez Normal 4 Dam Setka
0.677,bazarstore,CAN PA TAHA DRAJE SARI RƏNGLİ KQ 1 KG,CAN PA DRAJE RƏNGLİ KQ 1 KG
0.677,bazarstore,CAN PA TAHA DRAJE İNCİ RƏNGLİ KQ 1 KG,CAN PA DRAJE RƏNGLİ KQ 1 KG
0.677,bazarstore,CAN PA TAHA DRAJE MAVİ RƏNGLİ KQ 1 KG,CAN PA DRAJE RƏNGLİ KQ 1 KG
0.677,bravo,Kral Qoyun Servelat Kq 30514,HALAL NEMƏT SERVELAT QOYUN KQ 1 KG
0.677,bazarstore,KONTI PURE LOVE ASSORTI KONFET KG 1 KG,KONTİ SLADKOYE SOZVUC ASSORTİ KONFET KQ 1 KG
0.677,bazarstore,KAİJA SARDİNA FİLE 170 Q YAĞDA,Kaija 170 qr Sardina File Tomat Sousunda
0.677,araz,Mercan Paket Toyuq Dondurulmuş 1kq,MƏRCAN TOYUQ BUDU DONDURULMUŞ QABDA KQ 1 KG
0.677,araz,Mercan Toyuq Dondurulmuş 1kq,MƏRCAN TOYUQ BUDU DONDURULMUŞ QABDA KQ 1 KG
0.677,bravo,Cappy Alma Şirəsi 200ml Tp,Cappy Alma 200 ml
0.677,bazarstore,KONTI ZOLOTAYA LILIYA SOK. PEC. KARAMEL 1 KG,KONTI ZOLOTOYA LİLİYA KONFET KQ 1 KG
0.676,bravo,Mərcan Donmuş Toyuq Qanadi Qab 1kq 3624,Mərcan Toyuq Qanadı Soyudulmuş kq
0.676,bazarstore,CHEESELLA MOZZARELLA PENDİR KQ 1 KG,Südçü Pendir Mozzarella 1kq
0.676,neptun,Kolbasa Sab Doktorskaya kq,REMİT KOLBASA SİNYUQA DOKTORSKAYA KQ 1 KG
0.676,bazarstore,BORDO KOLBASA DOKTORSKAYA BİŞMİŞ KQ 1 KG,Kolbasa Ovçular Doktorskaya/Lyubitelskaya Bişmiş kq
0.675,bazarstore,FELİX PİŞİK YEMİ 75 Q QUZU VƏ TOYUQLU,Purina Felix Pişik Yemi Quzu və Toyuq Əti İlə 75 Gr
0.675,bravo,Səba Donmuş Toyuq Bud Butulka Qabda 1kq,SƏBA TOYUQ BUDDİBİ DONDURULMUŞ QABDA KQ 1 KG
0.675,bravo,Səba Donmuş Toyuq Bud Butulka Qabda 1kq,MƏRCAN TƏZƏ TOYUQ BUD BUTULKA QABDA KQ 1 KG
0.675,bazarstore,ONDA QARA ZEYTUN TUMLU KQ 1 KG,Oncu Qara Zeytun Tumlu Yağlı PL/Q 1000qr
0.675,bazarstore,QIZIL QUYU LİMONAD 1.5 L QIZILGÜL PET,"Qızıl Quyu Limonad Tərxun 1,5 l"
0.675,neptun,"Qızıl Quyu Limonad Feyxoa 1,5 l",QIZIL QUYU LİMONAD 1.5 L QIZILGÜL PET
0.674,bazarstore,BALTIKA PIVE 500 ML SUSE 0.0,Baltika 7 Pivə S/Q 500ml
0.674,neptun,Mərçan Toyuq Pətənək kq,MƏRCAN TOYUQ PƏTƏNƏK DONDURULMUŞ QABDA K 1 KG
0.674,araz,Sarımsaq 1kq,SARIMSAQ ENDİRİMLİ KQ 1 KG
0.674,bazarstore,SIRAB SU 330 ML QAZLI ŞÜŞƏ,Borjomi Qazlı Su 330 ml Şüşə qab
0.674,neptun,Sloboda Günəbaxan-zeytun Yağı 1 l,Yağ Sloboda Gunebaxan 1lt 4600699507345
0.674,bazarstore,SAFEGUARD MAYE SABUN 225 ML KLASSİK,Maye Sabun Safeguard Classic Pure White 225ml 5410076352623
0.674,araz,Mercan Paket Toyuq Dondurulmuş 1kq,MƏRCAN TOYUQ QANADI DONDURULMUŞ QABDA KQ 1 KG
0.674,araz,Mercan Toyuq Dondurulmuş 1kq,MƏRCAN TOYUQ QANADI DONDURULMUŞ QABDA KQ 1 KG
0.674,bazarstore,TƏZƏ TOYUQ BÜTÖV SOSLU KQ 1 KG,Səba Butov Toyuq 1kq 17
0.673,bazarstore,SAB QOVYAJYA BİŞMİŞ KOLBASA KQ 1 KG,Kolbasa Sab Qovyajiy kq
0.673,bazarstore,OVÇULAR KOLBASA DOKTOSKAYA DOMAŞNAYA KQ 1 KG,Kolbasa Ovçular Doktorskaya/Lyubitelskaya Bişmiş kq
0.673,bravo,Monster Energy Green 500 ml,Monster Green Enerji İçkisi 500ml
0.673,bazarstore,AQUSA M.ŞİRƏSİ 200 ML ŞƏFFAF ALMA,Aquşa Meyvə Şirəsi Alma-Albalı 200 ml
0.673,bazarstore,COLGATE DİŞ MƏCUNU 100 ML KÖMÜR,Colgate Diş Məcunu Max White 100 ml
0.673,bazarstore,SAFRAN ÜZÜM SİRKƏSİ 500 ML,Safran Tənək Üzüm Sirkəsi 500 ml (Şüşə Qabda)
0.672,bazarstore,QIZIL QUYU LİMONAD 1.5 L ARMUD PET,QIZIL QUYU LİMONAD 1.5 L QIZILGÜL PET
0.672,bazarstore,DOYMAK MAKARON 500 Q İNCƏ SPAGETTİ,Harika 500 qr Makaron Spagetti
0.672,neptun,Kolbasa Sab Doktorskaya kq,BİZİM DANA KOLBASA DOKTORSKAYA KQ 1 KG
0.672,neptun,Natakhtari Limonad Krem 1 l,Natakhtari Limonad Tərxun 1 l
0.671,neptun,Milla Ayran Nanəli 300 ml,Milla Ayran 300 ml
0.671,bazarstore,SEVGILIM NAR ŞƏRAB 750 ML,Sevgilim Şərab Kəmşirin 750ml
0.671,bazarstore,HİCAZ SERVELAT ŞAM KQ 1 KG,Hicaz Servelat İstiotlu kq
0.671,bazarstore,ANKARA MAKARON 500 Q QƏLƏM,Ankara Vit Makaron Mantı 500 qr
0.671,neptun,Sloboda 200 qr Ketçup Kabablıq Paket,Sloboda 200 qr Ketçup Acılı Paket
0.671,bazarstore,SELLA BASMATİ DÜYÜ 1121 1 KQ,Düyü Ashrafi Premium Basmati Sella 1 Kq
0.671,bazarstore,PAYIM BUD DİBİ DONDURULMUŞ KQ 1 KG,Ləzzət Toyuq Bud Dibi Dondurulmuş kg
0.671,neptun,President Pendir Chedder 150 qr,President Pendir Chizburger 150 qr
0.67,bazarstore,QIZIL QUYU LİMONAD 500 ML ARMUD ŞÜŞƏ,Qızıl Quyu 500 ml Limonad Zirinc (Şüşə Qabda)
0.67,bazarstore,CHOCO TİME KARAMEL KONFET KQ 1 KG,Choco Time Karamel Krem Şokolad kq
0.67,bazarstore,GÜLÜM ŞABALID 500 Q DONDURULMUŞ,Nova Dondurulmuş Şabalıd Vakuum 500qr
0.67,bazarstore,UZUM KARDINAL ITXAL KG 1 KG,MVT Üzüm Kardinal kq
0.67,bazarstore,CAN PA NOĞUL KEŞNİŞLİ KQ 1 KG,Ag Nogul Keşnişli kq 4997
0.67,bazarstore,MƏRCAN TOYUQ QANADI DONDURULMUŞ QABDA KQ 1 KG,Mərcan Toyuq Qanadı Soyudulmuş kq
0.669,bazarstore,ZİRƏ POMİDORU KQ 1 KG,MVT Pomidor Zirə kq
0.669,bazarstore,BIZIM TARLA KOMPOT 1 L NEKTARİN,Bizim Tarla Ərik Kompotu 1 l
0.669,bazarstore,BIZIM TARLA KOMPOT 1 L NEKTARİN,Bizim Tarla Kompot Heyva 1 l
0.669,neptun,Ləzzət Toyuq Paket Dondurulmuş kg,LEBRO TOYUQ DONDURULMUŞ QABDA KQ 1 KG
0.669,bazarstore,KRAL SOSİSKA QELYANALTI HALAL KQ 1 KG,Kral Halal Kolb.qelyanalti Heveskar kg
0.669,bravo,Mərcan Təzə Toyuq Paketdə kq 3676,MƏRCAN TƏZƏ TOYUQ FİLESI QABDA KQ 1 KG
0.669,neptun,Chivas Regal 0.5 lt Viski 12 il Qutu,Chivas Regal 12 Y o  500ml 80432402733
0.669,bazarstore,CHAMPION ÇAY PEKOE 250 Q TƏNƏKƏ QUTU,Champion Çay 250 qr
0.669,bazarstore,HALAL NEMƏT SOSİSKA SACÜSTÜ 5+KQ 1 KG,Halal Nemət Səhər Sosis Kq 28094
0.669,neptun,Natakhtari Limonad Üzüm 1 l,Limonad Natakhtari Duşes Pl 1 Lt
0.669,neptun,Natakhtari Limonad Krem 1 l,Limonad Natakhtari Duşes Pl 1 Lt
0.669,neptun,Natakhtari Limonad Üzüm 2 l,Natakhtari Limonad Duşes 2 l
0.669,neptun,Harika 500 qr Makaron Spagetti,Makaron Garofalo Spagetti 500gr
0.668,bazarstore,İSLAMİ KƏSİM FİLE DONDURULMUŞ QABDA KQ 1 KG,İslami Kəsim File Donmuş Tabaq kg
0.668,bazarstore,HİCAZ ŞƏMS SERVELAT KQ 1 KG,Hicaz Servelat Klassik 1000qr
0.668,bazarstore,TITİZ TƏMİZLİK BEZİ 3 LÜ,Grosik 3lü 35*35 sm Təmizlik Bezi
0.668,neptun,Pfanner Alma Şirəsi 1 L,Sok Pfanner Yaşıl Alma 1lt 9006900017569
0.668,neptun,Mərcan Toyuq Tabaka kq,MƏRCAN TƏZƏ TOYUQ FİLE KQ 1 KG
0.668,neptun,Səba Toyuq Bud Dibi kq,DAJAJTİ TOYUQ BUD DİBİ KQ 1 KG
0.668,bazarstore,PİRASA KQ 1 KG,Prasa 1kq 2551
0.668,bazarstore,SƏBA TOYUQ FİLE DONDURULMUŞ QABDA KQ 1 KG,Ləzzət Dondurulmuş File Qabda kg
0.668,bazarstore,CAN PA TAHA DRAJE ÇƏHRAYI RƏNGLİ KQ 1 KG,CAN PA DRAJE RƏNGLİ KQ 1 KG
0.668,bazarstore,CAN PA TAHA DRAJE YASƏMƏN RƏNGLİ KQ 1 KG,CAN PA DRAJE RƏNGLİ KQ 1 KG
0.668,bazarstore,KRAL KOLBASA OXOTNICIY KQ 1 KG,Kolbasa Kral Oxot Halal kq
0.668,bazarstore,BIZIM SUFRE PENDİRLİ SOUS 200 ML,Bizim Sufre Sezar Sous 200 Ml/184qr
0.668,bazarstore,SLAVYANSKOE KƏRƏ YAĞI 500 Q 82.5% ,Slavyanskoye Kərə Yağı 82.5% Traditsionnoye 500 qr
0.668,bazarstore,GREEN PARK ARAQ 1 L,Araq Green Planet 1 Lt
0.668,bazarstore,ULUDAĞ FRUTTI 250 ML EXTRA MANDALİN,Uludağ Frutti Extra Yemiş 250 Ml
0.668,araz,Simurq Təzə Bud Butulka kq,SƏBA TƏZƏ BUD BUTULKA AÇIQ KQ 1 KG
0.667,bazarstore,BEST BEEF KOLBASA DOKTORSKAYA BİŞMİŞ KQ 1 KG,Kolbasa Kral Zəngəzur Bişmiş Doktorskaya kq
0.667,bazarstore,DADLI AYRAN 1 L NANƏLİ,Milla Ayran Nanəli 1 l
0.667,bazarstore,MƏRCAN TƏZƏ TOYUQ BUD DİBİ AÇIQ KQ 1 KG,MƏRCAN TƏZƏ TOYUQ BUD BÜTÖV AÇIQ KQ 1 KG
0.667,araz,Viteks Keratin + Şampun Kaşmir 500ml,Viteks 500 ml Şampun Keratin Yağ Arqan
0.667,neptun,Xlebsi Molodci Yaşıl Çay Ekstraktı 70 qr,Xlebci Molodci Layt 70qr Yaşıl Çay 4607024590911
0.667,bazarstore,SELESTE SKUMBRİYA 240 Q YAĞDA,Kaija Skumbriya Yağda 240qr
0.667,bazarstore,DOYMAK MAKARON 500 Q YARPAQ,Doymak Makaron Boru 500 qr
0.667,bravo,Komili 2 lt Qarğıdalı Yağı,Möcüzə Qarğıdalı Yağı 2 l
0.667,bravo,Can-Pa Çiyələk Marmelad kq,CAN PA MARMELAD XIRDA KQ 1 KG
0.667,bravo,Can-Pa Çiyələk Marmelad kq,CAN PA MARMELAD DİLİM KQ 1 KG
0.667,neptun,Sandora Alma Şirəsi 250 Ml,SANDORA M.ŞİRƏSİ 250 ML PORTAĞAL
0.667,bazarstore,LƏZİZ ÇƏRƏZ YEMİŞAN QURUSU KQ 250 gr,LƏZİZ ÇƏRƏZ MANQO QURUSU NATURAL KG 250 gr
0.667,bazarstore,BOL ƏT DANA SÜMÜKSÜZ DÖŞ KQ 1 KG,Ət Dana Bel Əti Sümüksüz kq
0.667,bazarstore,BIZIM TARLA KOMPOT 1 L GİLAS,Bizim Tarla Gavalı Kompotu 1 l
0.667,araz,Rot Front Mechta Karamel kq,ROT FRONT KARAMEL LİMONÇİK KQ 1 KG
0.667,neptun,Ləzzət Toyuq Paket Dondurulmuş kg,SƏBA TOYUQ DONDURULMUŞ GÖY PAKET KQ 1 KG
0.667,neptun,President Pendir Mozarella 8-li 150 qr,President Pendir Maasdam 8-li 150 qr
0.667,neptun,President Pendir Chedder 150 qr,President Pendir Maasdam 8-li 150 qr
0.667,bazarstore,ANKARA VİT.MAKARON 500 Q RİGATONİ,Ankara Vit Makaron Fiyonk 500 qr
0.667,bazarstore,NATAKHTARI LİMONAD 1 L KREMLİ PLS,Limonad Natakhtari Duşes Pl 1 Lt
0.667,bazarstore,AZERÇAY ƏTİRLİ QARA ÇAY 100 Q,Azər Çay Qara Çay Berqamot Ətirli Qutu 100 qr
0.667,bazarstore,ROSHEN JOHNNY KROCKER SÜDLÜ KQ 1 KG,ROSHEN JOHNNY KROCKER ŞOKOLADLI KQ 1 KG
0.667,bazarstore,N1 KƏSMİK ŞİRİN KQ 1 KG,N1 Sadə Kəsmik kq
0.667,bazarstore,SƏBA TƏZƏ FİLE KQ 1 KG,Səba Toyuq File kq
0.667,bazarstore,PRESIDENT PENDİR 150 Q VETÇİNALI KƏSMƏ,President Pendir Chedder 150 qr
0.667,bravo,Mərcan Donmuş Toyuq Qanadi Qab 1kq 3624,Mərcan Donmuş Toyuq Qabda 1kq 3616
0.667,bravo,Səba Donmuş Toyuq Qanadları Qabda kq,SƏBA TOYUQ QOŞA DONDURULMUŞ QABDA KQ 1 KG
0.667,bazarstore,LAYS CİPS 140 Q XARDALLI,Lays Çips Xərçəng 140 qr
0.667,neptun,Pinar Labne Pendir 400 qr,Ülker İçim Pendir Labne 400 qr
0.667,rahat,Zeytun Yağı Basso 1lt 8004123000222,BORGES ZEYTUN YAĞI 1 L
0.667,bazarstore,YAYLAQ HOLLAND PENDİR KQ 1 KG,Südçü Holland Pendir 1kq
0.667,bazarstore,VİCİ KREVETKA KİÇİK KQ 1 KG,Vici Krevetka Başsız 16/20   1kg
0.667,bazarstore,BAGDAN KOMPOT 1 L GAVALI,Bostan Gavalı Kompotu 1 l
0.667,bazarstore,CAN PA LOKUM FINDIQLI KQ 1 KG,Can-pa Cevizli Lokum Kq 5008
0.667,bazarstore,KALİNKA BİTKİ YAĞ SPREDİ KQ 1 KG,Kərəm Bitki-Yağı Spredi 1 kq
0.667,bazarstore,SEVELLA MAKARON 500 Q SPAGETTİ,Harika 500 qr Makaron Spagetti
0.667,bravo,Komili 2 lt Qarğıdalı Yağı,Kırlangıç Qarğıdalı Yağı 2 l
0.667,araz,Rot Front Mechta Karamel kq,ROT FRONT KARAMEL SLİVA KQ 1 KG
0.667,neptun,Karamel Rot Front Gavalı kq,ROT FRONT KARAMEL SLİVA KQ 1 KG
0.667,bazarstore,GAROFALO MAKARON 500 Q STELLINI,Makaron Garofalo Fusilli 500gr
0.667,bazarstore,TRUFEL ASSORTİ ŞOKOLAD AVK KQ 1 KG,Avk Orijinal Trufel Şokolad kq
0.667,bazarstore,NATAKHTARI LİMONAD 1 L KREMLİ PLS,Natakhtari Limonad Tərxun 1 l
0.667,neptun,President Pendir Chizburger 150 qr,President Pendir Chedder 150 qr
0.667,araz,Carte D'or Chunkies Apple 430ML,Carte d'or Chunkies Vanilya 430ml
0.667,bazarstore,YURDUM PENDİR YAĞLI KQ 1 KG,YURDUM ÇANAX PENDİR KQ 1 KG
0.667,bazarstore,ANI KREKER BALIQ KQ 1 KG,Ani Çubuq Kreker kq
0.667,bazarstore,MƏRCAN TƏZƏ CİYƏR AÇIQ KQ 1 KG,Giləzi Təzə Ciyər Açıq kq
0.667,bazarstore,POMİDOR KQ 1 KG,Pomidor Slivka kq
0.667,bazarstore,ANKARA MAKARON 500 Q QƏLƏM,Ankara Makaron Burğu 500 qr
0.667,neptun,Jiquli 0.9lt Pivo Barnoe Firmennoe (Şüşə Qabda),Pivə Jiquli Barnoe 900ml 4680036910298
0.667,bazarstore,ARMUD ETRUSKA KQ 1 KG,Armud Etruccı kq
0.667,bazarstore,CAN PA TAHA DRAJE YAŞIL RƏNGLİ KQ 1 KG,CAN PA DRAJE RƏNGLİ KQ 1 KG
0.666,bazarstore,BASSO ZEYTUN YAĞI 500 ML EXTRA VİRGİN,Olivea 500 ml Zeytun Yağı Extra Virgin (Şüşə Qabda)
0.666,bravo,Xurma Tunis 250qr,LEZIZ CEREZ XURMA TUNİS KQ 250 gr
0.665,bazarstore,ROSHEN MINKY BINKY İRİS 1 KQ PAKET,Roshen Minky Binky Assorti Karamel kq
0.664,bazarstore,VITA1000 M.ŞİRƏSİ 1 L MULTİVİTAMİN TP,Bahar Şirəsi Multivitamin 1 l
0.664,araz,Ləzzət Donmuş Paket Toyuq kg,Ləzzət Toyuq Bud Dibi Dondurulmuş kg
0.663,neptun,Gerda Kərə Yağı 82% Duzsuz 200 qr,Yağ Gerda Kərə 82% 200qr 4033854001448
0.663,bazarstore,FRUİT ÇƏRƏZ QREYPFRUT KQ 1 KG,QREYPFRUT KQ 1 KG
0.663,bazarstore,NUBAR M.ŞİRƏSİ 1 L ŞAFTALI ŞÜŞƏ,Vita Meyvə Şirəsi Şaftalı 1 L Şüşə Qab
0.663,bazarstore,SILVER AYAQQABI BOYASI 50 ML QARA,Silver Intensive 50 ml Ayaqqabı Kremi Qara
0.662,bazarstore,KRAL QELYANALTI KOLBASA DOKTOR LYUBA KQ 1 KG,Kral Qəlyanaltı Doktor 1kq 534
0.662,bazarstore,HALVACILAR NOĞUL KEŞNİŞLİ KQ 1 KG,Ag Nogul Keşnişli kq 4997
0.662,bazarstore,ROSHEN MINTEX KARAMEL KQ NANƏ 1 KG,Roshen Karamelkino Nanəli Karamel kq
0.661,neptun,Kolbasa Sab Doktorskaya kq,RETRO ANSAR KOLBASA DOKTORSKAYA KQ 1 KG
0.661,bravo,Mərcan Donmuş Toyuq Farşı Qab 1kq 3623,MƏRCAN TOYUQ FİLESİ DONDURULMUŞ QABDA KQ 1 KG
0.661,bazarstore,QARPIZ KQ 1 KG,Qarpız Yerli kq
0.661,bazarstore,LOBYA  KG 1 KG,MVT Lobya Qara kq
0.661,araz,Qarpız kq,QARPIZ İDXAL KQ 1 KG
0.661,bazarstore,LƏZİZ ÇƏRƏZ FINDIQ QABIQLI KQ 1 KG,Fındıq Qabıqlı Kg 7699
0.661,neptun,Soğan Hövsan kg,SOĞAN KQ 1 KG
0.66,bazarstore,HALAL NEMƏT KOLBASA MANQALÜSTÜ LYUB KQ 1 KG,Halal Nemət Manqalüstü Sosis 1kq 606
0.66,bazarstore,OVCULAR KOLBASA QOVYAJIY DOKTORSKAYA 1 KG,Kolbasa Ovçular Doktorskaya/Lyubitelskaya Bişmiş kq
0.66,neptun,De Cecco Makaron Farfalle 500 Gr,Makaron Garofalo Farfalle 500gr
0.66,bazarstore,TRUFEL ASSORTİ ŞOKOLAD AVK KQ 1 KG,Avk Trufale Şokolad kq 5565
0.66,bazarstore,SİYƏZƏN D.T FİLE QABDA DONDURULMUŞ KQ 1 KG,Simurq Toyuq File Dondurulmush Qabda Kg
0.659,araz,Mercan Paket Toyuq Dondurulmuş 1kq,MƏRCAN TOYUQ CİYƏRI DONDURULMUŞ QABDA KQ 1 KG
0.659,araz,Mercan Paket Toyuq Dondurulmuş 1kq,MƏRCAN TOYUQ FİLESİ DONDURULMUŞ QABDA KQ 1 KG
0.659,araz,Mercan Toyuq Dondurulmuş 1kq,MƏRCAN TOYUQ CİYƏRI DONDURULMUŞ QABDA KQ 1 KG
0.659,araz,Mercan Toyuq Dondurulmuş 1kq,MƏRCAN TOYUQ FİLESİ DONDURULMUŞ QABDA KQ 1 KG
0.659,bazarstore,DARLİNG PİŞİK ƏT VƏ TƏRƏVƏZ 2 KQ,Darling İt Yemi Ət və Tərəvəz İlə 2 kg
0.659,araz,Mərcan Donmuş Bud Butulka 1 kq,SİYƏZƏN D.T BUD BUTULKA DONDURULMUŞ KQ 1 KG
0.659,bazarstore,HARIKA QAZLI SU 250 ML QARPIZ CIYELEK,Harika 250 ml Qarpız və Çiyələk Qazlı İçki
0.659,bazarstore,LEBRO BUD BUTULKA DONDURULMUŞ QABDA KQ 1 KG,QİDAM BUD BUTULKA DONDURULMUŞ QABDA KQ 1 KG
0.659,bravo,Fuse Tea Manqo-ananas Ətirli Soyuq Çay 300ml,Fuse Tea Ice Tea Manqo-Ananas 300 ml
0.659,neptun,Natakhtari Limonad Armud 1 l,Natakhtari Limonad Tərxun 1 l
0.659,neptun,Natakhtari Limonad Duşes 2 l,NATAKHTARI LİMONAD 2 L TƏRXUN PLS
0.659,bazarstore,YÖRE YAŞIL ZEYTUN TUMSUZ KQ 1 KG,Zeytun Ece Yaşıl Tumsuz Izgara kq
0.659,bazarstore,LƏZİZ ÇƏRƏZ MEYVƏ QURUSU KUBİK KQ 250 gr,LƏZİZ ÇƏRƏZ MANQO QURUSU NATURAL KG 250 gr
0.659,neptun,Kolbasa Sevimli Dad Zernistaya kq,SEVİMLİ DAD KOLBASA QRIL KQ 1 KG
0.659,bazarstore,KONTİ SOZVUCHIYE ASSORTİ ŞOKOLAD KQ 1 KG,Konti Sl Sozvuciye Portağalli Şokolad Kq 4889
0.658,bazarstore,OVQAT KOLBASA LYUBİTELSKAYA KQ 1 KG,Kolbasa Ovçular Doktorskaya/Lyubitelskaya Bişmiş kq
0.658,bravo,Halal Nemət Bişmiş Kolbasa Toyuq Yaşıl Kq 579,HALAL NEMƏT KOLBASA MANQALÜSTÜ KQ 1 KG
0.658,araz,Ovçular Pepe Doktorskaya Kolbasa Uşaqlar üçün 1kq,Kolbasa Ovçular Doktorskaya/Lyubitelskaya Bişmiş kq
0.658,neptun,Odad 500 qr Makaron Spagetti,Makaron Garofalo Spagetti 500gr
0.658,bazarstore,N1 QAYMAQ KQ 1 KG,N1 Qaymaqlı Şor kq
0.658,neptun,Ləzzət Toyuq Bud Dibi Dondurulmuş kg,SƏBA TOYUQ BUDDİBİ DONDURULMUŞ QABDA KQ 1 KG
0.658,bazarstore,ANAKOM HAZIR ƏRİŞTƏ 75 Q ƏTLİ BULYON,ANAKOM HAZIR ƏRİŞTƏ 75 Q TOYUQ BULYON
0.658,bazarstore,BAKER HOUSE XLEBSİ 250 Q TOMAT OREQAN,Baker House 250 qr Xlebci Tomatlı
0.658,araz,Simurq Donmuş Farş kq,Simurq Donmuş File Qabda kq
0.658,araz,Ləzzət Donmuş Bud Dibi Qabda kg,LEBRO BUD DİBİ DONDURULMUŞ QABDA KQ 1 KG
0.657,neptun,Karamel Elvan Toffix Meyvə/Сoffee/Süd kq,Elvan Toffix Stick Karamel kq
0.657,bazarstore,LEBRO TOYUQ DONDURULMUŞ PAKET KQ 1 KG,Ləzzət Toyuq Bud Dondurulmuş kg
0.657,bazarstore,GOYCAY SÜD ÇANAX PENDİR KQ 1 KG,Goycay Çanax Pendiri 1 Kg 1x10 (əd)
0.657,bazarstore,GOYCAY SÜD ÇANAX PENDİR 1 KQ,Goycay Çanax Pendiri 1 Kg 1x10 (əd)
0.657,bazarstore,ETİ BURCAK PEÇENYE 100 Q SÜDLÜ KREMLİ,Eti Burcak Südlü Kremali Biskvit 100 qr
0.657,bravo,Mərcan Premium Soyudulmuş Qanad kq 21013,Mərcan Toyuq Qanadı Soyudulmuş kq
0.657,bazarstore,BIZIM TARLA KOMPOT 1 L NEKTARİN,Bizim Tarla Göyəm Kompotu 1 l
0.657,bazarstore,BIZIM TARLA KOMPOT 1 L NEKTARİN,Bizim Tarla Kompot Feyxoa 1 l
0.657,bazarstore,BİZİM SÜFRƏ MAYONEZ 200 ML PROVANSAL 67%,Sloboda 200 ml Mayonez Provansal 67%
0.657,bazarstore,ZOLOTOY SAD M.ŞİRƏSİ 200 ML MULTİFRUKT,ZOLOTOY SAD M.ŞİRƏSİ 200 ML ALBALI TP
0.657,neptun,Bizim Süfrə Mayonez Provansal Paket 200 ml,Mayonez Sloboda Provansal 200ml 4600699505501
0.657,bazarstore,İSLAMİ KƏSİM TƏZƏ FİLE AÇIQ KQ 1 KG,İslami Kəsim Təzə Toyuq Filesi 1 kq
0.657,bazarstore,TORRENT YAŞIL ZEYTUN TUMSUZ KQ 1 KG,Zeytun Ece Yaşıl Tumsuz Izgara kq
0.657,bazarstore,SAB QOVYAJYA BİŞMİŞ KOLBASA KQ 1 KG,Kolbasa Sab Doktorskaya kq
0.657,bazarstore,SAVILLE YAŞIL ZEYTUN TUMSUZ KQ 1 KG,Zeytun Ece Yaşıl Tumsuz Izgara kq
0.657,bazarstore,MƏRCAN TƏZƏ TOYUQ PƏTƏNƏK AÇIQ KQ 1 KG,Mərcan Təzə Toyuq Paketdə kq 3676
0.657,bravo,Mərcan Təzə Toyuq Paketdə kq 3676,MƏRCAN TƏZƏ TOYUQ PƏTƏNƏK AÇIQ KQ 1 KG
0.657,neptun,Beloçka Qara Tum 40 qr,BELOÇKA GÜNƏBAXAN TUMU QARA 40 Q
0.656,bravo,Roshen Duses Karamel kq,Roshen Karamelkino Barbaris Karamel kq
0.656,bazarstore,OSTANKINO SOSİSKA KUMAC SÜDLÜ KQ 1 KG,Ostankino Sosis Südlü Qost 1 kq
0.656,bazarstore,VALDOR ÖRDƏK BUD DONDURULMUŞ KQ 1 KG,Salima Dondurulmuş Ördək Budu kq
0.656,bazarstore,MİLKA ŞOKOLAD 110 Q SÜDLÜ FINDIQLI,Milka Good Luck Südlü Şokolad 110 Gr Qutu
0.656,bazarstore,NATAKHTARI LİMONAD 1 L KREMLİ PLS,Limonad Natakhtari Slivki Pl 1 Lt
0.656,bazarstore,LƏZZƏT DÜNYASI GAVALI SALATI 220 Q,Ləzzət Dünyası Salat Mimoza 220 qr
0.656,bazarstore,ZOLOTOY SAD M.ŞİRƏSİ 200 ML MULTİFRUKT,Zolotoy Sad Şaftalı Şirəsi 200 ml
0.656,bravo,Gallina Blanca Toyuq Bulyonu 10qr,Gallina Blanca Bulyon Kuriniy 10 qr
0.656,bravo,Gallina Blanca Toyuq Bulyonu 10qr,Gallina Blanca Bulyon Qribnoy 10 qr
0.656,bazarstore,KENTON QARĞIDALI NİŞASTASI 200 Q,Kenton Buğda Nişastası 200 Gr
0.656,bazarstore,ANKARA MAKARON 500 Q QƏLƏM,Ankara Makaron İncə Uzun 500 qr
0.656,neptun,President Pendir Chedder 150 qr,Pendir President 150gr Qribi
0.656,bazarstore,KARMEN MAKARON QƏLƏM KQ 1 KG,Tac Makaron Qələm kq
0.656,bazarstore,KARMEN MAKARON BURMA KQ 1 KG,Tac Makaron Burma kq
0.656,bazarstore,HACI TURQAY KOLBASA KÖZLƏMƏ BİŞMİŞ KQ 1 KG,HACI TURQAY SOSİSKA KÖZLƏMƏ KQ 1 KG
0.656,bazarstore,SİYƏZƏN D.T TƏZƏ BUD BÜTÖV KQ 1 KG,MƏRCAN TƏZƏ TOYUQ BUD BÜTÖV AÇIQ KQ 1 KG
0.656,bazarstore,SEN SOY BUĞDA ƏRİŞTƏSİ 300 Q,Sen Soy Soba Qarabaşaq Əriştəsi 300 Gr
0.656,bazarstore,SEN SOY BUĞDA ƏRİŞTƏSİ 300 Q,Sen Soy Qarabaşaq Əriştəsi Soba 300qr
0.656,neptun,Maxeev 400 qr Mayonez Provansal 67%,Mayonez Zdrava Provansal 67% 400gr Pkt*18
0.656,neptun,Nescafe Klassik Kofe 47.5 qr,Nestle Nescafe Klassik 47.5qr Şüşədə
0.656,bazarstore,GAROFALO MAKARON 500 Q STELLINI,Barilla Makaron Stellini Qutu 500 qr
0.656,bazarstore,NİVEA TƏRAŞ GELİ FRESH KİCK 200 ML,Nivea Təraş Geli Kişilər üçün 200ml
0.656,bazarstore,MR.PEPPER SEKER PUDRASI 125 Q,Mr. Pepper 125 qr Pudra Şəkəri Qutu
0.656,bazarstore,SEVELLA MAKARON 500 Q SPAGETTİ,Makaron Garofalo Spagetti 500gr
0.656,neptun,Natakhtari Limonad Armud 1 l,Limonad Natakhtari Duşes Pl 1 Lt
0.656,neptun,Favelli 500 qr Makaron Spagetti,Makaron Garofalo Spagetti 500gr
0.655,neptun,Natakhtari Limonad Tərxun 2 l,Natakhtari Limonad Duşes 2 l
0.655,neptun,Natakhtari Limonad Tərxun 1 l,Limonad Natakhtari Duşes Pl 1 Lt
0.655,bazarstore,RUSSKİY PRODUKT GERKULES MONAS 500 Q,Russkiy Produkt Qerkules Monastır Sayağı Qutu 500 qr
0.655,bazarstore,LAYS STAX CİPS 140 Q PAPRİKA,Lays Paprika 140qr
0.655,araz,Konfet Notabum kq,Konfet Kdv Nota Bum kq
0.655,bazarstore,DALĞA SİYƏNƏK BAŞLI VAKUUM S/H 1 KG,Dalğa Xəzər Siyənək S/H Vakum kq
0.655,bazarstore,PEPSI LİME 1 L,Pepsi 1 l
0.655,bazarstore,MANQO GOLD KQ 1 KG,MANQO KQ 1 KG
0.655,bazarstore,PEPSİ 250 ML ŞÜŞƏ,Pepsi 250ml 4760088705704
0.655,bazarstore,AAF SKUMBRİYA DİLİM S/H VAKUUM KQ 1 KG,DALĞA SKUMBRİYA S/H VAKUUM KQ 1 KG
0.655,bazarstore,AAF SKUMBRİYA BÜTOV S/H VAKUUM KQ 1 KG,DALĞA SKUMBRİYA S/H VAKUUM KQ 1 KG
0.655,bravo,Banan kq 2504,BANAN MINI KG 1 KG
0.655,bravo,Mercan Təzə Toyuq Qabda kq,Mercan Təzə Toyuq Bel tiri  1 kq
0.655,araz,Banan kq,BANAN MINI KG 1 KG
0.655,neptun,Mohobbat Basmati Uzun Düyü 910 qr,Düyü Uzun Şahplov Basmati 910 Qr
0.655,bazarstore,HİCAZ ŞƏMS SERVELAT KQ 1 KG,Hicaz Servelat İstiotlu kq
0.655,bazarstore,SELESTE SKUMBRİYA 240 Q YAĞDA,Seleste Şprot Yağda 240 Qr
0.655,bazarstore,SUN MƏTBƏX DƏSMALI 2 ƏDƏD,Aura 2li Mətbəx Dəsmalı
0.655,neptun,Islami K. Toyuq Tabaka kq,İSLAMİ KƏSİM TƏZƏ TOYUQ PAKET KQ 1 KG
0.655,neptun,Komili 1lt Qarğıdalı Yağı,VEGA QARĞIDALI YAĞI 1 L
0.655,neptun,Bahlsen Leibniz Peçenye 100 qr,Peçenye Leibniz Zoo 100qr 5901414201210
0.655,neptun,Bahlsen Leibniz Peçenye 100 qr,Peçenye Bahlsen Zoo 100qr 4017100126819
0.654,bazarstore,BARİLLA MAKARON 500 Q SPAGHETTİ,Harika 500 qr Makaron Spagetti
0.654,bazarstore,HALAL NEMƏT SOSİSKA TOYUQ KQ 1 KG,Halal Nemət Səhər Sosis Kq 28094
0.654,bazarstore,SAVILLE QARA ZEYTUN TUMLU KQ 1 KG,Zeytun Olive Qara Tumlu kg
0.654,bazarstore,NESCAFE KLASSİK LATTE 18 Q,Nescafe Klassik Kapuçino 18qr
0.654,bazarstore,CAN PA MARMELAD RULET KQ 1 KG,CAN PA MARMELAD DİLİM KQ 1 KG
0.654,bazarstore,SAVILLE MAKARON 500 Q FIRIN,Saville Makaron Linguine 500 qr
0.654,neptun,Karamel Rot Front Gavalı kq,Rot Front Snejok Karamel kq
0.654,bazarstore,SUPER KONTIK PEÇENYE 100 Q QAT.SÜDLÜ,Super Kontik Peçenye Qatılaşdırılmış Süd 100 qr
0.653,araz,H.n Halal Sos Seher kg,HALAL NEMƏT SOSİSKA SEHER KQ 1 KG
0.653,bazarstore,KRAL SOSİSKA QELYANALTI HALAL KQ 1 KG,Kral Qəlyanaltı Sosis 1kq 529
0.653,bazarstore,SAB SOSİSKA OVCU KQ 1 KG,Sosiska Ovçu Külləmə kq
0.653,bravo,Səba Butov Toyuq 1kq 17,TƏZƏ TOYUQ BÜTÖV İRİ ÇƏKİ KQ 1 KG
0.653,bazarstore,GÜLÜM BİTKİ YAĞ SPREDİ 1 KQ,Kərəm Bitki-Yağı Spredi 1 kq
0.653,bazarstore,DOYMAK MAKARON 500 Q YARPAQ,Doymak Makaron Buruq 500 qr
0.653,bazarstore,ORION CHOCO PIE 180 Q QARPIZ,Orion Choco-pie Peçenye 180 qr
0.653,bazarstore,ANKARA MAKARON 500 Q QƏLƏM,Ankara Makaron Fiyonk 500 qr
0.653,araz,Konfirom Nutata Şokolad kq,KONFIROM BONNE SOKOLAD KG 1 KG
0.653,bazarstore,KONTİ SOZVUCHIYE ASSORTİ ŞOKOLAD KQ 1 KG,KONTİ SLADKOYE SOZVUC ASSORTİ KONFET KQ 1 KG
0.653,bazarstore,BADIMCAN DOLMALIQ KG 1 KG,BADIMCAN KQ 1 KG
0.653,bravo,Badımcan 1kq 2391,BADIMCAN DOLMALIQ KG 1 KG
0.653,araz,Portağal kg,PORTAĞAL SIXMALIQ KQ 1 KG
0.653,araz,Badımcan kg,BADIMCAN DOLMALIQ KG 1 KG
0.653,bazarstore,TANELLİ MAKARON BORU KQ 1 KG,Tanelli 1 kq Makaron Spiral
0.653,bazarstore,DORİTOS BARBEKU CİPS 130 Q,Doritos Çips Baharatlı 130 qr
0.653,bazarstore,OVQAT SARDELKA HALAL KQ 1 KG,Ovqat İveriya Sardelka Kq 6737
0.653,bazarstore,KARMEN MAKARON 500 Q QƏLƏM,Harika Makaron Qələm 500qr
0.653,neptun,Sloboda 200 qr Ketçup Tomatlı Paket,Sloboda 200 qr Ketçup Kabablıq Paket
0.653,neptun,Karamel Roshen Bim-bom kq,ROSHEN JOIZY KARAMEL KQ 1 KG
0.653,neptun,Karamel Roshen Bim-bom kq,Roshen Racki Karamel kq 1860
0.653,neptun,Karamel Roshen Bim-bom kq,Roshen Duses Karamel kq
0.653,neptun,Pınar Kido Süd Bananlı 180 ml,Pınar Kido Süd Kakaolu 180 ml
0.653,bazarstore,MAMEDOFF ARAQ 500 ML ORQANİK,Mamedoff 0.5 lt Araq Soft
0.653,bazarstore,HARMONY QABARTMA TOZU 10 Q 5 LI,Kent Qabartma Tozu 10 qr
0.653,bazarstore,NATURA M.ŞİRƏSİ 1 L ƏRİK TP,Natura Alma Şirəsi 1 l
0.653,bazarstore,HARMONY QABARTMA TOZU 10 Q,Kent Qabartma Tozu 10 qr
0.652,bravo,Mercan Təzə Toyuq Bacaq Qabda kq,MƏRCAN TƏZƏ TOYUQ BUD BUTULKA QABDA KQ 1 KG
0.652,bazarstore,VITA1000 M.ŞİRƏSİ 1 L MULTİVİTAMİN TP,Frumba Multivitamin Şirəsi 1 l
0.652,neptun,Elidor Saç Bakim Kremi Güclü Parlaq 350 ml,Elidor Balzam Güclü / Parlaq 350ml 8690637979248
0.652,bazarstore,FAVELLI MAKARON 500 Q BURMA,Favelli Makaron Qələm 500 qr
0.652,neptun,Kenton Puding Bananlı 100qr,Puding Burcak Bananli 100 Qr
0.652,neptun,Mia Limonad Tərxun 0.5 l,NATAKHTARI LİMONAD 500 ML TƏRXUN ŞÜŞƏ
0.652,bazarstore,OVÇULAR KOLBASA DOKTOSKAYA DOMAŞNAYA KQ 1 KG,Ovçular Hind Quşu Doktorskaya Kolbasa 1kq
0.652,bazarstore,LEBRO TOYUQ DONDURULMUŞ PAKET KQ 1 KG,Ləzzət Toyuq Tabaqda Dondurulmuş kg
0.652,neptun,Dirol 19gr XXL Mix Saqqız Nanəli Dadlar Assortisi,Dirol 19gr XXL Mix Saqqız Meyvə Dadları Assorti
0.652,bazarstore,NATURA M.ŞİRƏSİ 1 L ŞAFTALI ŞÜŞƏ,Vita Meyvə Şirəsi Şaftalı 1 L Şüşə Qab
0.652,bazarstore,RED BULL 250 ML SARI,Red Bull Şəkərsiz 250 ml
0.651,bazarstore,ULDUZ KARAMEL RAÇKİ KQ 1 KG,Roshen Racki Karamel kq 1860
0.651,bazarstore,KONTI KARAMEL RAÇKİ KQ 1 KG,Roshen Racki Karamel kq 1860
0.651,bazarstore,BAGDAN KOMPOT 1 L GÖYƏM,Bostan Göyəm Kompotu 1 L
0.651,neptun,Final Qarğıdalı Yağı 1 l,VEGA QARĞIDALI YAĞI 1 L
0.651,neptun,Ankara Makaron Tel 500 qr,ANKARA VİT.MAKARON 500 Q RİGATONİ
0.651,bazarstore,ÜZÜM KARDİNAL YERLİ KQ 1 KG,MVT Üzüm Kardinal kq
0.651,neptun,Palmolive Maye Sabun Olive 300 ml,PALMOLİVE MAYE SABUN 300 ML AĞ ORXİDEYA
0.651,bravo,Mercan Premium Soyudulmuş Toyuq  Budu kq 21133,Mərcan Toyuq Soyudulmuş Bud Butulka kg
0.65,spar,Mercan Təzə Toyuq Bel tiri  1 kq,Mərcan Toyuq Paket kq
0.65,bazarstore,ALAFRAN PERSOL 200 Q,Alafrah Persol Ağardıcı 200 qr
0.65,rahat,Pendir Pinar 400gr Beyaz,Pinar Labne Pendir 400 qr
0.65,bravo,Mərcan Təzə Toyuq Paketdə kq 3676,MƏRCAN TƏZƏ TOYUQ BUD DİBİ QABDA KQ 1 KG
0.65,neptun,Kolbasa Sevimli Dad Korona Doktorskaya  kq,HALAL DAD KOLBASA DOKTORSKAYA KQ 1 KG
0.649,neptun,Simurq Toyuq File Dondurulmush Qabda Kg,MƏRCAN TOYUQ FİLESİ DONDURULMUŞ QABDA KQ 1 KG
0.649,bazarstore,MƏRCAN TƏZƏ TOYUQ BUD BUTULKA AÇIQ KQ 1 KG,Tac Butulka Təzə Açıq kq
0.649,bazarstore,NESTLE BISTROFF SIYIQ 40 Q ÇİYƏLƏK ALMA,Nestle Sıyıq Bistrov Çiyələk Süd ilə 40 qr
0.649,neptun,Bonaqua Qazlı Su 2 l,AQUAVİTA SU 2 L QAZLI
0.649,neptun,Rich Alma Şirəsi 1 L,CAMPA M.ŞİRƏSİ 1 L ALMA
0.649,bazarstore,BORJOMİ SU 0.5L ŞÜŞƏ,Borjomi Qazlı Su 500 ml
0.649,bazarstore,VİCİ LOSOS BURGER KQ 1 KG,Vici Losos Burgeri Panirovkalı kq
0.649,bazarstore,ROT FRONT KARAMEL PTİÇYE MOLOKO KQ 1 KG,Rot Front Mechta Karamel kq
0.649,bazarstore,AQUSA M.ŞİRƏSİ 200 ML ŞƏFFAF ALMA,Aquşa Meyvə Şirəsi Alma-İtburnu 200 ml
0.649,bazarstore,MENTOS PURE FRESH SAQQIZ 54 Q WATERMELON,Mentos 54 qr Saqqız Pure Fresh Üzüm Banka
0.648,bazarstore,HALAL NEMƏT SERVELAT QARA QIRMIZI KQ 1 KG,Halal Nemət Oxotniçiy Servelat Kq 2380
0.648,bazarstore,SEVİMLİ DAD SERVELAT POLTAV MUSKAT KQ 1 KG,Sevimli Dad Hisə Verilmiş Servelat Poltavskaya 1kq 4321
0.648,bazarstore,OVCULAR SƏDƏF LYUBİTELSKAYA KQ 1 KG,Ovqat Lyubitelskaya Kq 6131
0.648,bazarstore,BİZNES MENU ƏRİŞTƏ 45 Q ML ƏTİ+TYQ(2+1),Biznes Menyu 45 qr Biznes Lanc Əriştə Mal Əti
0.648,neptun,Ləzzət Toyuq Tabaqda Dondurulmuş kg,SƏBA TOYUQ DONDURULMUŞ GÖY PAKET KQ 1 KG
0.648,araz,Ət Dana Böyrək kq,BOL ƏT DANA ÜRƏK KQ 1 KG
0.648,araz,TP Kişmiş Qızılı kg,TP Kişmiş Sarı kg
0.648,spar,TP Kişmiş Sarı kg,SARI KİŞMİŞ GOLD LÜKS KQ 1 KG
0.648,spar,TP Kişmiş Sarı kg,SARI KİŞMİŞ GOLD KQ 1 KG
0.648,bazarstore,PAYIM TOYUQ FARŞ DONDURULMUŞ QABDA KQ 1 KG,Siyəzən Farş Dondurulmuş Qabda Kq
0.648,bazarstore,FUSE İCE TEA MANQO VƏ ANANAS 500ML,Fuse Tea Ice Tea Manqo və Çobanyastığı 500 ml
0.648,bazarstore,HALAL NEMƏT KOLBASA MANQALÜSTÜ KQ 1 KG,Halal Nemət Manqalüstü Doktorskaya Kq 21513
0.648,bazarstore,SƏBA TOYUQ FARŞI DONDURULMUŞ QABDA KQ 1 KG,Siyəzən Farş Dondurulmuş Qabda Kq
0.648,bazarstore,SİYƏZƏN D.T BUD DİBİ DONDURULMUŞ KQ 1 KG,Ləzzət Toyuq Bud Dibi Dondurulmuş kg
0.648,bazarstore,OSTANKINO SOSİSKA MOLOCNOE QOST KQ 1 KG,Ostankino Sosis Südlü Qost 1 kq
0.648,araz,Ləzzət Donmuş Bud Dibi Qabda kg,Ləzzət Toyuq Bud Dibi Dondurulmuş kg
0.648,bazarstore,CRYSTALEX QABYUYAN MAYE 750 ML QREYPFRUT,Crystalex Qabyuyan Maye Yaşıl Alma  750 ml
0.647,bazarstore,WHISKAS PİŞİK YEMİ 400 Q TOYUQLU SOUS,Whiskas 400 qr Mal Əti Sousda Pişik Yemi
0.647,bazarstore,HİCAZ KOLBASA DOKTORSKAYA KQ 1 KG,Ovçular Hind Quşu Doktorskaya Kolbasa 1kq
0.647,bazarstore,OVQAT KOLBASA DOKTORSKAYA KQ 1 KG,Ovçular Hind Quşu Doktorskaya Kolbasa 1kq
0.647,bazarstore,BOL ƏT DANA ƏTI ANTRIKOT SÜMÜKSÜZ ƏT KQ 1 KG,BOL ƏT DANA ƏTI SÜMÜKLÜ KQ 1 KG
0.647,bazarstore,SAB SUCUQ DÖYMƏ KQ 1 KG,Sab Döymə Sosis 1 1kq 2905
0.647,araz,Qidam Donmuş Bud Butulka Qabda  kq,QİDAM BUD DİBİ DONDURULMUŞ QABDA KQ 1 KG
0.647,bazarstore,KONTI KARAMEL MU MU KQ 1 KG,Konti Kappuçinolu Karamel Konfeti Kq
0.647,bazarstore,KONTİ KAPUCCİNO SOKO KARAMEL KQ 1 KG,Konti Kappuçinolu Karamel Konfeti Kq
0.647,neptun,Ləzzət Toyuq Tabaqda Dondurulmuş kg,LEBRO TOYUQ DONDURULMUŞ QABDA KQ 1 KG
0.647,bazarstore,CAN PA TAHA DRAJE QIRMIZI RƏNGLİ KQ 1 KG,CAN PA DRAJE RƏNGLİ KQ 1 KG
0.647,bazarstore,NATAKHTARI LİMONAD 1 L KREMLİ PLS,Natakhtari Limonad Üzüm 1 l
0.647,bazarstore,NOVA MAK MAKARON 500 Q SPAGETTİ,Harika 500 qr Makaron Spagetti
0.647,araz,Hicaz Toyuq Paket Dondurulmuş 1kq,LEBRO TOYUQ DONDURULMUŞ QABDA KQ 1 KG
0.647,neptun,Borges Makaron Farfalle 500 gr,Makaron Garofalo Farfalle 500gr
0.647,bazarstore,OVCULAR SERVELAT MOSKOVSKIY KQ 1 KG,Kolbasa Ovçular  Moskva Servelat kq
0.646,bazarstore,AKKOND ZIMOLYUBKA SOKOLAD KG 1 KG,Akkond Zimolyubka Konfetləri kq
0.646,bazarstore,ŞOKOLADNİCA TOFFİ ŞOKOLAD KQ 1 KG,Şokoladnica Yerfıstıqlı Şokoladlı Vafli kq
0.646,bazarstore,BIZIM TARLA JALAPENOLU XİYAR TURŞU 670 Q,Bizim Tarla Xiyar Turşusu Bolqar Üsullu 670 qr
0.646,bravo,Qızılı Kişmiş B 250qr,LEZIZ CEREZ QIZILI KİŞMİŞ KQ 250 gr
0.646,bravo,Mərcan Donmuş Toyuq Paketdə 1kq 10901,MƏRCAN TOYUQ PƏTƏNƏK DONDURULMUŞ QABDA K 1 KG
0.646,bazarstore,MİLLİ DAD DÖNƏRCI LAVAŞI 10 ƏDƏD,Donər Lavaşı 10ədəd
0.645,bazarstore,KRAL KOLBASA QELYANALTI SİNYUQA DOKTOR. 1 KG,Kral Qəlyanaltı Doktor 1kq 534
0.645,bazarstore,KİVİ KQ 1 KG,MVT Kivi Super kq
0.645,bazarstore,SELLA BASMATİ DÜYÜ 1121 2  KQ,Sultan Basmati Düyü Torba 2 kq
0.645,neptun,Kolbasa Ovqat Oxot kq,OVQAT KOLBASA KRAKOVSKAYA KQ 1 KG
0.645,bazarstore,FAVELLİ UN 2 KQ,Favelli Un Əla Növ 2 kq
0.645,bravo,Gallina Blanca Toyuq Bulyonu 10qr,Gallina Blanca Bulyon Qovyajiy 10 qr
0.645,bravo,Siyəzən Çiyər Qabda Donmuş 1kq 14,SİYƏZƏN D.T QOŞA QABDA DONDURULMUŞ KQ 1 KG
0.645,bazarstore,LƏZZƏT DÜNYASI PAYTAXT SALATI 220 Q,Ləzzət Dünyası Salat Mimoza 220 qr
0.645,bazarstore,LUKAS BIFESTA LAYM SOKOLAD KG 1 KG,Lukas Bifesti Moruqlu Şokolad kq 19671
0.645,bravo,Mercan Təzə Toyuq Bud Qabda kq,Mercan Təzə Toyuq Bel tiri  1 kq
0.645,bazarstore,7 DAYS MİNİ KRUASSAN 65 Q KAKAOLU,Kruassan 7days 65gr Kakao
0.645,bazarstore,NOVA MAK MAKARON 500 Q BURGU,Piyale Makaron Burgu 500 Gr
0.645,bazarstore,BERG TEA SOYUQ ÇAY 449 ML ŞAFTALI,Berg Şaftalı Ice Tea 449 ml
0.645,bazarstore,FILIZ MAKARON 500 Q TEL VERMİŞEL,Favelli Makaron Vermişel 500 qr
0.644,bazarstore,CAR YULAF LOPALARI 400 Q PAKET GERKULES,Car 400 qr Lopalar Qerkules Qutu
0.644,bazarstore,CAR YULAF LOPALARI 400 Q PAKET GERKULES,Car 400 qr Qerkules Lopalar Paket
0.644,bazarstore,KEREM BİTKİ YAĞ SPREDİ KQ 1 KG,Xoman Bitki Kərə Spredi Yağ 1 kq
0.644,bazarstore,PFANNER M.ŞİRƏSİ 1 L B+C+E VİTAMİNLİ TP,Pfanner Şaftalı Şirəsi 1 L
0.644,bazarstore,HALAL NEMƏT SOSİSKA SACÜSTÜ 5+KQ 1 KG,Halal Nemət Manqalüstü Sosis 1kq 606
0.644,bazarstore,SAVALAN ÇƏHRAYI ŞƏRAB 750 ML TURŞ,Chabiant Çəhrayı Turş Şərab 750ml
0.644,bazarstore,BEST BEEF KOLBASA DOKTORSKAYA BİŞMİŞ KQ 1 KG,Kolbasa Ovçular Doktorskaya/Lyubitelskaya Bişmiş kq
0.644,bazarstore,ATENA AĞ PENDİR KQ 1 KG,ATENA İSMAYILLI PENDİRİ KQ 1 KG
0.643,bazarstore,NATUREL M.ŞİRƏSİ 200 ML ŞAFTALI 6-LI TP,Natura Şaftalı Meyvə Şirəsi 200 ml
0.643,bazarstore,DİROL XXL SAQQIZ 19 Q QARPIZLI,Saqqiz Dirol Xxl Nane Dadlı 19 Qr
0.643,bravo,Abad Kənd Yumurtası 10 əd.,KƏND YUMURTASI 10 LU
0.643,araz,Hicaz Toyuq Qabda Donmuş 1kq,HİCAZ TOYUQ BUD BUTULKA DONUQ QABDA KQ 1 KG
0.643,bravo,Halal Nemət Manqalüstü Sosis 1kq 606,HALAL NEMƏT KOLBASA MANQALÜSTÜ KQ 1 KG
0.643,bazarstore,TƏZƏ TOYUQ FİLE KQ 1 KG,İslami Kəsim Təzə Toyuq Filesi 1 kq
0.643,bazarstore,TB KOLBASA MUSULMANSKİYE HALAL KQ 1 KG,Cherkizovo Musulmanskaya Halal Kolbasa kq
0.643,bazarstore,ÇÖRƏKÇİ ZAVOD ÇÖRƏYİ 600 Q,Çörək Çörəkçi Tost 600 qr
0.643,rahat,Pendir President 150gr Mozarella,President Pendir Chedder 150 qr
0.643,bazarstore,BEEMSTER MOZZARELLA PENDIR KQ 1 KG,Südçü Pendir Mozzarella 1kq
0.643,bazarstore,PİRSAAT YUMURTA AĞ 10 LU,Yumurtaska Ağ Yumurta 10-lu Qutu
0.642,bazarstore,USASTIY NYAN AGAR+LEKE AP+YUY TOZ 400 QR,Uşastıy Nyan Yuyucu Toz 400 gr
0.642,bravo,Dirol Fresh Saqqız Şaxtalı Nanə 13.6qr,Dirol Saqqız Şirin Nanə 13.6 qr
0.642,bravo,Red Bull Enerji İçkisi 250ml,Red Bull Enerji İçki Pack 4x250 ml
0.642,bravo,Azərsüd Çanax Pendiri Kq 11981,AZƏRSÜD İSMAYILLI PENDİRİ KQ 1 KG
0.642,bazarstore,NATURA M.ŞİRƏSİ 1 L ŞAFTALI TP,Natura 1lt Nar Şirəsi
0.642,bazarstore,NATURA M.ŞİRƏSİ 1 L ŞAFTALI TP,Natura 1lt Tomat Şirəsi
0.642,bravo,Səba Toyuq Filesi Boşqabda 1kq,Səba Toyuq File kq
0.642,bazarstore,MONO QARA TRÜFEL ŞOKOLAD KG 1 KG,Mone Südlü Trufel Şokolad kq
0.642,bravo,Mərcan Donmuş Toyuq Qabda 1kq 3616,MƏRCAN TƏZƏ TOYUQ BUD DİBİ QABDA KQ 1 KG
0.641,bazarstore,KONTİ SOZVUCHIYE ASSORTİ ŞOKOLAD KQ 1 KG,Konti Sl Sozvuciye QAraqatlı Şokolad Kq 4890
0.641,bravo,Dirol Saqqız Tropik Kokteyl 13.6q,Dirol Saqqız Qarpız-Yemiş Kokteyl 13.6 qr
0.641,bazarstore,ANKARA MAKARON 500 Q ULDUZ ŞEHRİYE,Ankara Makaron Tel 500 qr
0.641,bazarstore,ANKARA MAKARON 500 Q ULDUZ ŞEHRİYE,Ankara Vit Makaron 500 qr
0.641,bazarstore,KULER PİVƏ 2 L,Kulice Pivə 2L
0.641,bazarstore,ORION CHOCO PİE 360 Q ALBALI,Orion Choco Pie Qarpızlı 360 qr
0.641,bazarstore,AKKOND SQUŞENKA KONFET KQ 1 KG,Konfet Akkond Otlomi kq
0.641,bazarstore,TUNIS XURMA ÇÖPLÜ ORQANİK KQ 250 gr,Xurma Tunis 250qr
0.641,bazarstore,ANKARA MAKARON 500 Q QƏLƏM,Ankara Makaron Kəpənək 500 qr
0.641,neptun,President Pendir Maasdam 8-li 150 qr,Pendir President 150gr Qribi
0.641,neptun,Sloboda 400 ml Mayonez Xamalı 67% Paket,Mayonez Sloboda 400ml Qaymağlı 67% 8045
0.641,neptun,Palmolive Sabun Albalı 90 qr,Sabun Palmolive Orxideya 90qr 8693495030939
0.641,bazarstore,PAPIA TUALET KAĞIZI 4 LÜ 3 QAT,Papia Tualet Kağızı 4 Kat 4-lu Deluxe Sadə
0.64,bazarstore,HALAL DAD HİSƏVERİLMİŞ TOYUQ FİLESİ KQ 1 KG,Halal Dad Hisə Verilmiş Toyuq Boğazı kq
0.64,bazarstore,SLADUNİTSA PTİÇA KONFET KQ 1 KG,Sladunica Sharol Konfet Kg
0.64,bazarstore,OVCULAR SOSİSKA PAÇKA KQ 1 KG,OVCULAR SOSİSKA KÜLLƏMƏ HALAL KQ 1 KG
0.64,bazarstore,TULCINKA HOLLAND PENDİR KQ 1 KG,Südçü Holland Pendir 1kq
0.64,bravo,Can-Pa Çiyələk Marmelad kq,CAN PA MARMELAD TOST KQ 1 KG
0.64,neptun,Sloboda 200 qr Ketçup Kabablıq Paket,Sloboda 200 qr Ketçup Tomatlı Paket
0.64,neptun,Vanish Oxi Action Rəngli Paltarlar üçün 500qr,Vanish Oxi Action Ağ 500 Gr 0
0.639,bazarstore,NATAKHTARI LİMONAD 500 ML TƏRXUN ŞÜŞƏ,Natakhtari Limonad Armud 500 ml
0.639,bazarstore,COLGATE DİŞ MƏCUNU 100 ML KÖMÜR,Colgate 100 ml Diş Məcunu Kalciyi Retin
0.639,araz,Simurq Təzə Toyuq Filesi kq,MƏRCAN TƏZƏ TOYUQ FİLESI QABDA KQ 1 KG
0.639,bazarstore,FUSE ICE TEA LAYM&NANƏ 1000 ML,Fuse Tea Ice Tea Limon 1 l
0.639,neptun,Sloboda 200 qr Ketçup Tomatlı Paket,Sloboda 200 qr Ketçup Acılı Paket
0.639,bazarstore,MƏRCAN TƏZƏ TOYUQ BUD DİBİ QABDA KQ 1 KG,MƏRCAN BUD DİBİ DONDURULMUŞ QABDA KQ 1 KG
0.639,bazarstore,SAVALAN ÇƏHRAYI ŞƏRAB 750 ML TURŞ,Savalan Chardonnay Ağ Turş Şərab 750ml
0.639,bazarstore,SAVALAN ÇƏHRAYI ŞƏRAB 750 ML TURŞ,Savalan Syrah Qırmızı Turş Şərab 750ml
0.639,bazarstore,BIZIM SUFRE POMİDOR SOUSU 310 Q,Bizim Süfrə 310 qr Pomidor Sousu Acılı (Şüşə Qabda)
0.639,bazarstore,QUICKBURY BURGER ÇÖRƏYİ 300 Q KÜNCÜTLÜ,Quickbury 6-lı Hamburger Bulka Küncüd 300 qr
0.639,bazarstore,BADAGONI ŞƏRAB 750 ML PİROSMANİ,Badagoni Mukuzani Qırmızı Şərab 2007 0.75l
0.638,bazarstore,TANELLİ MAKARON BURMA KQ 1 KG,Tanelli 1 kq Makaron Spiral
0.638,bazarstore,TANELLİ MAKARON BURĞU KQ 1 KG,Tanelli 1 kq Makaron Spiral
0.638,bazarstore,NESCAFE KLASSİK LATTE 18 Q,Nescafe Latte Kapuçino 18qr
0.638,bazarstore,KARMEN MAKARON 500 Q QƏLƏM,Favelli Makaron Qələm 500 qr
0.638,bazarstore,ANKARA MAKARON 500 Q QƏLƏM,Favelli Makaron Qələm 500 qr
0.638,bazarstore,SAVILLE MAKARON 500 Q FIRIN,Saville Makaron Spiral 500 qr
0.638,bravo,Nescafe Latte Kapuçino 18qr,NESCAFE KLASSİK LATTE 18 Q
0.638,bazarstore,ROT FRONT KARAMEL PTİÇYE MOLOKO KQ 1 KG,Rot Front Ptichye Moloko Şokolad kq
0.638,araz,Mərcan Donmuş Bud Butulka 1 kq,Mərcan Toyuq Soyudulmuş Bud Butulka kg
0.638,bazarstore,LEBRO BUD DİBİ DONDURULMUŞ QABDA KQ 1 KG,Ləzzət Toyuq Bud Dibi Dondurulmuş kg
0.638,bazarstore,PRESIDENT PENDİR 150 Q VETÇİNALI KƏSMƏ,President Pendir Chizburger 150 qr
0.638,bazarstore,HALAL DAD KOLBASA LƏZİZ TAM KÖZDƏ KQ 1 KG,HALAL DAD KOLBASA OXOTNIK KQ 1 KG
0.638,bazarstore,ÇERKİZ KOLBASA SIROKOP BOQORODSKAYA KQ 1 KG,Çerkizovo Boqorodskaya Kq 2705262
0.637,rahat,Super Kontik 100gr Şokolad,Super Kontik Peçenye Şokoladlı 100 qr
0.637,bazarstore,VITA1000 M.ŞİRƏSİ 1 L MULTİVİTAMİN TP,Vita Meyvə Şirəsi Multivitamin 1 L Şüşə Qab
0.637,bazarstore,DANA BUD ƏTİ SÜMÜKSÜZ KQ 1 KG,Dana Boyun Sümüksüz kq 14251
0.637,bazarstore,VITA1000 M.ŞİRƏSİ 1 L NAR QUTU,Vita 1000 Nar Meyvə Şirəsi 1 l
0.637,bazarstore,ILGIM ŞƏKƏRLİ VANİL 5 Q,Pakmaya Şəkərli Vanil 5x5 qr
0.637,bazarstore,KRAL SARDELKA HALAL KQ 1 KG,Kral Sosis Sardelka kq
0.637,neptun,Natura 1lt Nar Şirəsi,NATURA M.ŞİRƏSİ 1 L ƏRİK TP
0.637,neptun,Natura 1lt Tomat Şirəsi,NATURA M.ŞİRƏSİ 1 L ƏRİK TP
0.637,bazarstore,AQUSA M.ŞİRƏSİ 200 ML ALMA ŞAFTALI,Aquşa Meyvə Şirəsi Alma-İtburnu 200 ml
0.637,bravo,Red Bull Enerji İçkisi Şəkərsiz 250ml,Red Bull Enerji İçki Pack 4x250 ml
0.636,bazarstore,VERNEL YUMŞALDICI MAYE 1.44 L LAVANDA,Vernel Yumşaldıcı  Tulip 1440 ml
0.636,bravo,Balqabaq kq 2500,BALQABAQ YEMƏKXANA KQ 1 KG
0.636,araz,Nektarin kq,NEKTARİN YEMƏKXANA KQ 1 KG
0.636,bazarstore,BAGDAT QABARTMA TOZU 10 Q,Kenton Qabartma Tozu 5-li Paket 10 qr
0.636,neptun,Sloboda 200 qr Ketçup Acılı Paket,Sloboda 200 qr Ketçup Tomatlı Paket
0.636,neptun,Friso 400 qr Süd Qarışığı Gold-2 Frisolak 6-12ay (Dəmir Qabda),Friso Frisolak Gold N2 400qr 6-12 D/q
0.636,neptun,Friso 400 qr Süd Qarışığı Gold-2 Frisolak 6-12ay (Dəmir Qabda),Friso Frisolak Gold N1 400qr 0-6 D/q
0.636,bazarstore,ÜZÜM XIRDA KİŞMİŞ KQ 1 KG,Tp-b Kişmiş Qara Xirda Kq
0.636,bazarstore,VİTEKS ŞAMPUN 500 ML KAŞMİR BƏRPAEDİCİ,Viteks Keratin + Şampun Kaşmir 500ml
0.636,bazarstore,PALMOLİVE SABUN 150 Q ZEYTUN SÜD,Palmolive Sabun Süd və Qızılgül 150 qr
0.636,bazarstore,LƏZZƏT DÜNYASI GAVALI SALATI 220 Q,Ləzzət Dünyası Salat Çuğundur 220 qr
0.636,bazarstore,LƏZZƏT DÜNYASI GAVALI SALATI 220 Q,Ləzzət Dünyası Salat Karaleva 220 qr
0.635,bazarstore,BEST BEEF SERVELAT MOSKOVSKAYA 4 İPLİ KQ 1 KG,BEST BEEF SERVELAT QOYUN QIRMIZI KQ 1 KG
0.635,bazarstore,ROSKO HALAL KOLBASA DOKTORSKAYA ZAKAZ KQ 1 KG,HALAL DAD KOLBASA DOKTORSKAYA KQ 1 KG
0.635,bazarstore,ALMA YERLI MODY 1 KG,ALMA QALA YERLİ KQ 1 KG
0.635,bazarstore,LİFE QULAQ ÇÖPÜ 300 LU,Cotfab Qulaq Çöpü 300-lü
0.635,bazarstore,YUMRU DÜYÜ KQ 1 KG,Dənli Düyü Yumru Astara kq
0.635,bazarstore,YUMRU DÜYÜ 1 KQ,Dənli Düyü Yumru Astara kq
0.635,bravo,Dana Ciyər kq,BOL ƏT DANA CİYƏR BÜTÜN KQ 1 KG
0.635,bazarstore,DALĞA SİYƏNƏK SH KQ 1 KG,Dalğa Xəzər Siyənək S/H Vakum kq
0.635,bazarstore,DR.KORNER XLEBSİ 100 Q PENDİRLİ,Xlebci Dr korner 100gr
0.635,neptun,Kolbasa Sevimli Dad Zernistaya kq,SEVİMLİ DAD KOLBASA KABANOSSI KQ 1 KG
0.635,neptun,Nivea Antiperspirant Ağ Qara 150 ml,Nivea Antiperisprant Art-83731 150ml 4005808734580
0.634,bazarstore,KLESTKAYA SIROK 45 Q VANIL,Kletskaya Krinachka Sirok Kakao-Vanil 45qr
0.634,bazarstore,FUSE ICE TEA 1 L QARPIZ,Fuse Tea Ice Tea Limon 1 l
0.634,bazarstore,SEVİMLİ DAD BEKON ÇİY HİSƏ VERİLMİŞ KQ 1 KG,Sevimli Dad Oxot Patron Kolbasa Y Hisə Verilmiş 1kq 26966
0.634,bazarstore,NATAKHTARI LİMONAD 1 L KREMLİ PLS,Natakhtari Limonad Armud 1 l
0.634,bazarstore,NOVA MAK MAKARON 500 Q SPAGETTİ,Favelli 500 qr Makaron Spagetti
0.634,bazarstore,SEVELLA MAKARON 500 Q SPAGETTİ,Favelli 500 qr Makaron Spagetti Uzun
0.634,bravo,Mentos Saqqız Zərif Nanə 54qr,Mentos Saqqız White İncə Nanə 54 qr
0.634,araz,Ləzzət Dondurulmuş File Qabda kg,Ləzzət Toyuq Paket Dondurulmuş kg
0.634,neptun,President Pendir Chizburger 150 qr,President Pendir Maasdam 8-li 150 qr
0.634,bazarstore,SAB SERVELAT QOYUN KQ 1 KG,BEST BEEF SERVELAT QOYUN QIRMIZI KQ 1 KG
0.634,bravo,Siyəzən Toyuq Sarı Paket Kq 24595,SİYƏZƏN D.T TOYUQ QABDA TƏZƏ  KQ 1 KG
0.634,bazarstore,BIZIM TARLA KOMPOT 1 L NEKTARİN,Bizim Tarla Şaftalı Kompotu 1 l
0.634,bazarstore,GAROFALO MAKARON 500 Q STELLINI,Makaron Garofalo Farfalle 500gr
0.634,bazarstore,NOVA MAK MAKARON 500 Q SPAGETTİ,Makaron Garofalo Spagetti 500gr
0.634,bazarstore,ZOLOTOY SAD M.ŞİRƏSİ 200 ML MULTİFRUKT,Zolotoy Sad Portağal Şirəsi 200 ml
0.634,bazarstore,SEVİMLİ DAD KOLBASA KÜBAR ZERNISTAYA KQ 1 KG,Sevimli Dad Kubar Zernistaya Çiy Hisə Verilmiş Servelat 1kq 564
0.634,bazarstore,MƏRCAN TƏZƏ CİYƏR AÇIQ KQ 1 KG,MƏRCAN TƏZƏ TOYUQ BUD BÜTÖV AÇIQ KQ 1 KG
0.634,bazarstore,BARILLA MAKARON 450 Q PENNE RIGATE,BARILLA MAKARON 450 Q RISONI N26
0.634,bravo,Siyəzən Bud Dibi Qabda Kq 24596,SİYƏZƏN D.T BUD DİBİ DONDURULMUŞ KQ 1 KG
0.634,neptun,Doymak Makaron Buruq 500 qr,MAKARA MAKARON 500 Q BURGU
0.634,neptun,Barilla Makaron Risoni 450q,BARILLA MAKARON 450 Q SPAGHETTI N5
0.634,neptun,Palmolive Sabun Albalı 90 qr,Sabun Palmolive Çobanyastığı 90qr 8693495032742
0.633,bazarstore,CAN PA MARMELAD JOLE KQ 1 KG,CAN PA MARMELAD XIRDA KQ 1 KG
0.633,neptun,Mərçan Toyuq Pətənək kq,CAN DELİKATES TOYUQ PƏTƏNƏK H.V KQ 1 KG
0.633,bazarstore,İSLAMİ KƏSİM TƏZƏ FİLE AÇIQ KQ 1 KG,Tac File Təzə Açıq kq
0.633,bazarstore,SƏBA TƏZƏ BUD BUTULKA AÇIQ KQ 1 KG,MƏRCAN TƏZƏ TOYUQ BUD BÜTÖV AÇIQ KQ 1 KG
0.633,neptun,Pendir Göyçay Çanax Ağ Yağlı kq,Goycay Çanax Pendiri 1 Kg 1x10 (əd)
0.633,bazarstore,SEVİMLİ DAD SARDELKA PENDİR KÖZLƏMƏ KQ 1 KG,SEVİMLİ DAD SOSİSKA KÖZLƏMƏ KQ 1 KG
0.633,neptun,Qızıl Quyu 0.5lt Limonad Limon Pl/q,QIZIL QUYU LİMONAD 500 ML ARMUD ŞÜŞƏ
0.633,neptun,Ləzzət Toyuq File Dondurulmuş kg,MƏRCAN TOYUQ FİLESİ DONDURULMUŞ QABDA KQ 1 KG
0.633,neptun,Borges Makaron Penne Rigate 500 Gr,Makaron Garofalo Penne Ziti Rigate 500gr
0.632,neptun,Borjomi Qazlı Su 1 l,BADAMLI SU 1 L QAZLI
0.632,neptun,Borjomi Qazlı Su 500 ml,BADAMLI SU 500 ML QAZLI
0.632,bazarstore,QIZIL QUYU LİMONAD 1.5 L ARMUD PET,"Qızıl Quyu Limonad Feyxoa 1,5 l"
0.632,bazarstore,BOL ƏT DANA ƏTİ BEL (BİFTEK) KQ 1 KG,BOL ƏT DANA ƏTI SÜMÜKLÜ KQ 1 KG
0.632,neptun,Mia Limonad Tərxun 1 l,Natakhtari Limonad Tərxun 1 l
0.632,neptun,Pfanner Multimeyvə A+C+E 2 L,Sok Pfanner Multimeyve Shiresi 2lt C + D + A 9006900205782
0.632,bravo,Kök Paket kq,KÖK TR KQ 1 KG
0.632,bravo,Şor Çəki 1 Kq 34534,N1 ŞOR KQ 1 KG
0.632,bazarstore,ZABAVA KREKER DALĞALI KQ 1 KG,Kreker Sladena Zabava Balıq/Dalğalı/fiqurlar kq
0.632,bazarstore,OVQAT KOLBASA DOKTORSKAYA KQ 1 KG,Kolbasa Ovçular Doktorskaya/Lyubitelskaya Bişmiş kq
0.632,bazarstore,GAROFALO MAKARON 500 Q STELLINI,Makaron Garofalo Lazagne 500gr
0.632,bazarstore,KRAL SERVELAT QOYUN HALAL KQ 1 KG,OVQAT SERVELAT QOC HALAL VAKUUM KQ 1 KG
0.632,bazarstore,KULİNARKA BİTKİ YAĞ SPREDİ KQ 1 KG,Xoman Bitki Kərə Spredi Yağ 1 kq
0.632,bazarstore,KRAL SERVELAT QELYANALTI HALAL KQ 1 KG,Kral Halal Kolb.qelyanalti Heveskar kg
0.632,bravo,Olitalia Pomace Zeytun Yağı Şüşə 1 Lt,Zeytun Bağları 1 lt Pomace Zeytun Yağı (Şüşə Qabda)
0.632,bazarstore,VİCİ LOSOS BURGER KQ 1 KG,Vici Balıq Burger kg
0.631,bazarstore,HALAL NEMƏT SOSİSKA İVERİYA HALAL KQ 1 KG,HALAL DAD SOSİSKA İVERİYA KQ 1 KG
0.631,bazarstore,HALAL NEMƏT SOSİSKA İVERİYA HALAL KQ 1 KG,HALAL NEMƏT SOSİSKA İMSAK KQ 1 KG
0.631,bazarstore,BEST BEEF KOLBASA SELSKAYA DOKTORSKAYA 1 KG,Kolbasa Ovçular Doktorskaya/Lyubitelskaya Bişmiş kq
0.631,neptun,Ülker İçim Puding Şokoladlı 60 qr,Ülker İçim Puding Bananlı 60 qr
0.631,neptun,Karamel Rot Front Limonçiki kq,ROT FRONT KARAMEL SLİVA KQ 1 KG
0.631,neptun,Kolbasa Sab Lyubitelskaya kq,HALAL NEMƏT KOLBASA İMSAK LYUBİTELSKAYA 1 KG
0.631,bazarstore,ARKO SABUN 90 Q BAL,Arko Sabun Kremli 90 gr
0.631,araz,Tamlı File Təzə kq,SƏBA TƏZƏ FİLE KQ 1 KG
0.631,neptun,Roshen Lovita Peçenye Dark Şokoladlı 150 qr,Lovita Pechenye Tünd Şokoladlı 150 Qr
0.631,araz,Ovçular Hind Quşu Doktorskaya Kolbasa 1kq,Kolbasa Ovçular Doktorskaya/Lyubitelskaya Bişmiş kq
0.631,araz,Lukas Sungrizzy kq,Konfet Lukas Sun Grizzy kq
0.63,bazarstore,CAMPA M.ŞİRƏSİ 1 L PORTAĞAL,Vita 1000 Portağal Meyvə Şirəsi 1 l 
0.63,bazarstore,JALE M.ŞİRƏSİ 200 ML ALBALI TP,"Jalə Premium Albalı Şirəsi 0,2 l"
0.63,bravo,Siyəzən Çiyər Qabda Donmuş 1kq 14,SİYƏZƏN D.T CAN ƏTİ DONDURULMUŞ QABDA K 1 KG
0.63,neptun,Alleya İstoçnikov Essentuki N17 Mineral Su 500 ml Şüşə Qab,"Su Esentuki N17 Elita 0,5lt Alleya Istochnikov"
0.63,bravo,Heinz Ketçup Tomat 570qr Pet,Heinz Ketçup Tomatlı 570 Gr Plastik Qab
0.63,bazarstore,NATUREL M.ŞİRƏSİ 200 ML ALBALI 6-LI TP,Natura Albalı Meyvə Şirəsi 200 ml
0.63,bazarstore,HOCHLAND KREM PENDİR 140 Q YAĞLI,Hochland Pendir Qaymaqlı 8li 140 qr
0.63,bazarstore,BIZIM TARLA KOMPOT 1 L GİLAS,Bizim Tarla Feyxoa Kompotu 1 l
0.63,neptun,President Pendir Göbələkli 8-li 150 qr,President Pendir Maasdam 8-li 150 qr
0.63,spar,Rot Front Snejok Karamel kq,ROT FRONT KARAMEL LİMONÇİK KQ 1 KG
0.63,neptun,"Qızıl Quyu Limonad Barbaris 1,5 l ",QIZIL QUYU LİMONAD 1.5 L QIZILGÜL PET
0.63,bazarstore,HALAL DAD HİSƏVERİLMİŞ TOYUQ BOĞAZ KQ 1 KG,Hisə Verilmiş Toyuq Boğazı kq
0.63,bazarstore,LONG CHİPS CİPS 75 Q PENDİRLİ SOĞAN,Çipsim Çips Pendirli 75 qr
0.63,bazarstore,ZABAVA KREKER BALIQ KQ 1 KG,Kreker Sladena Zabava Balıq/Dalğalı/fiqurlar kq
0.63,bazarstore,YEMİŞAN KQ 1 KG,YEMİŞ KQ 1 KG
0.63,bazarstore,PETRA VERMİŞEL 50 Q KONSERVALI,Petra Vermişel Dana 50 qr
0.63,bazarstore,DR.MILK UREK PENDIR KQ 1 KG,Doktor Milk Urəkli Pendir kq
0.63,bazarstore,UZUN ÖMÜR KƏSMİK 200 Q İVANOVKA 9%,Aer Kəsmik 9% İvanovka 200 qr
0.63,bravo,Dana Boyun Sümüksüz kq 14251,Ət Dana Bel-boyun Sümüklü kq
0.63,araz,Pomidor Zire kg,MVT Pomidor Zirə kq
0.63,araz,Best B. Servelat Nazik 1 kq,BEST BEEF SERVELAT OCAQ KQ 1 KG
0.63,araz,Strd. Sosis Datskiye Kq,Starodvorye Sosis Datskiy 1 kg
0.63,araz,Ət Dana Antri̇kot kq,Ət Dana Antrikot Sümüklü kq
0.63,neptun,Mərcan Toyuq Fars kq,MƏRCAN TOYUQ DONDURULMUŞ PAKET KQ 1 KG
0.63,rahat,Zeytun Yağı Basso 500ml 8004123000284,ZEYTUN BAGLARI ZEYTUN YAĞI 500 ML ŞÜŞƏ
0.63,bazarstore,SİYƏZƏN D.T TƏZƏ BUD BUTULKA AÇIQ KQ 1 KG,HİCAZ TƏZƏ BUD BUTULKA AÇIQ KQ 1 KG
0.63,bazarstore,BEST BEEF SERVELAT OXOT PAÇKA KQ 1 KG,Best B. Oxot. Kq
0.63,neptun,Dirol 19gr XXL Mix Saqqız Nanəli Dadlar Assortisi,Saqqiz Dirol Xxl Nane Dadlı 19 Qr
0.63,bazarstore,HALAL NEMƏT SOSİSKA İMSAK KQ 1 KG,HALAL NEMƏT SOSİSKA İVERİYA HALAL KQ 1 KG
0.63,bazarstore,HALAL DAD SOSİSKA İVERİYA KQ 1 KG,HALAL NEMƏT SOSİSKA İVERİYA HALAL KQ 1 KG
0.63,neptun,Ülker İçim Puding Bananlı 60 qr,Ulker Icim Puding Sokalad 60gr
0.63,bazarstore,VITA1000 M.ŞİRƏSİ 1 L MULTİVİTAMİN TP,Sonti Meyvə Şirəsi Multivitamin 1 l
0.629,bravo,Banan kq 2504,BANAN YERLİ KQ 1 KG
0.629,araz,Banan kq,BANAN YERLİ KQ 1 KG
0.629,araz,Armud kq,ARMUD YERLİ KQ 1 KG
0.629,araz,Armud kq,ARMUD NASHI KQ 1 KG
0.629,araz,Armud kq,ARMUD İDXAL KQ 1 KG
0.629,araz,Soğan 1kq,SOĞAN YERLİ KQ 1 KG
0.629,neptun,Pepsi 1 l,PEPSI MANGO 1 L
0.629,neptun,Pepsi 2 l,Pepsi 2l Black
0.629,neptun,Bizon Cyber 250 Ml,Bizon 250ml D q 5785
0.629,bazarstore,UN MAKFA EKSTRA 2 KQ,Harika 2 kq Ekstra Un
0.629,bazarstore,UZUN DÜYÜ 1 KQ,Dənli Düyü Besta Uzun kq
0.629,bazarstore,AZƏRSÜD İSMAYILLI PENDİRİ KQ 1 KG,ATENA İSMAYILLI PENDİRİ KQ 1 KG
0.629,bazarstore,UZUN ÖMÜR KƏSMİK ŞİRİN KQ 1 KG,Uzun Ömür İvanovka Kəsmik 1kq 3180
0.629,neptun,Palmolive Sabun Albalı 90 qr,Sabun Palmolive Milk/rose 90qr 8693495032803
0.628,bravo,Roshen Ko-Ko Şokolad kq,ROŞHEN MONBLAN ŞOKOLAD BADAM KQ 1 KG
0.628,araz,Simurq Təzə Qanad kq,SİYƏZƏN D.T QANAD QABDA TƏZƏ KQ 1 KG
0.628,bazarstore,BIZIM TARLA JALAPENOLU XİYAR TURŞU 670 Q,Bizim Tarla Xiyar Turşusu Marinə Edilmiş 670 qr
0.628,neptun,Zeytun Bağları 1 lt Pomace Zeytun Yağı (Şüşə Qabda),Zeytun Yağı Basso 1lt Pomace 49248011461
0.628,bazarstore,ALFOOR BUD DİBİ DONDURULMUŞ KQ 1 KG,Ləzzət Toyuq Bud Dibi Dondurulmuş kg
0.628,bazarstore,SEVİMLİ DAD BEKON ÇİY HİSƏ VERİLMİŞ KQ 1 KG,Sevimli Dad Hisə Verilmiş Servelat Poltavskaya 1kq 4321
0.628,neptun,Sandora 250 ml Şaftalı Şirəsi,SANDORA M.ŞİRƏSİ 250 ML PORTAĞAL
0.627,bazarstore,CAPPY M.ŞİRƏSİ 200 ML PORTAĞAL TP,Cappy Alma Şirəsi 200ml Tp
0.627,bazarstore,KONTİ KARAMEL SNEJOK KQ 1 KG,Rot Front Snejok Karamel kq
0.627,bazarstore,CAN PA MARMELAD JOLE KQ 1 KG,CAN PA MARMELAD DİLİM KQ 1 KG
0.627,bazarstore,ROSHEN YOGURTINI KARAMEL KQ 1 KG,Roshen Racki Karamel kq 1860
0.627,bazarstore,CAN PA MARMELAD TOST KQ 1 KG,CAN PA MARMELAD DİLİM KQ 1 KG
0.627,bazarstore,NATURA M.ŞİRƏSİ 1 L ŞAFTALI TP,Natura Albalı Şirəsi 1 l
0.627,neptun,Pınar Kido Süd Çiyələkli 180 ml,Pınar Kido Süd Kakaolu 180 ml
0.627,bazarstore,BOL ƏT DANA ƏTİ QOL SÜMÜKSÜZ KQ 1 KG,BOL ƏT DANA ƏTI SÜMÜKLÜ KQ 1 KG
0.627,bazarstore,SULTAN BASMATİ DÜYÜ 2 KQ KİSƏ PREMİUM,Sultan Basmati Düyü Torba 2 kq
0.627,neptun,Nescafe Kofe Gold 2 qr,Nestle Nescafe Gold Qəhvə 2qr
0.627,bazarstore,KENT BORINGER PUDİNQ 125 Q BANANLI AROM.,Kent Puding Bananlı 125qr
0.627,bazarstore,IVANOVKA BAGLARI ŞƏRAB 750 ML KƏMŞİRİN,İvanovka Kəmşirin Qırmızı Şərabı 750 ml
0.627,bazarstore,OVCULAR SERVELAT EKSTRA KQ 1 KG,Kolbasa Ovçular  Moskva Servelat kq
0.627,bazarstore,DOYMAK MAKARON 500 Q İNCƏ SPAGETTİ,Odad 500 qr Makaron Spagetti
0.626,neptun,Sno Qazsız Su 0.5 l,PINAR SU 500 ML QAZSIZ
0.626,neptun,Sno Qazsız Su 0.5 l,ELMAS SU 500 ML QAZSIZ
0.626,bazarstore,OSTANKINO SERVELAT OXOTNICIY KQ 1 KG,Halal Nemət Oxotniçiy Servelat Kq 2380
0.626,bravo,Mərcan Donmuş Bud Dibi Qabda kq 3618,LEBRO BUD DİBİ DONDURULMUŞ QABDA KQ 1 KG
0.626,bravo,Siyəzən Çiyər Qabda Donmuş 1kq 14,SİYƏZƏN D.T ÜRƏK-CİYƏR DONDURULMUŞ KQ 1 KG
0.626,bazarstore,PRIPROVIC QABARTMA TOZU 10 Q,Kent Qabartma Tozu 10 qr
0.626,bazarstore,DR.OETKER QABARTMA TOZU 10 Q 5 Lİ,Kent Qabartma Tozu 10 qr
0.626,neptun,Pfanner Multimeyvə A+C+E 2 L,Sok Pfanner Multi Meyve 2lt A+c+e 9006900014476
0.626,neptun,Pfanner Multimeyvə A+C+E 1 L,Sok Pfanner Multi Meyve 1lt A + C + E 9006900017552
0.626,neptun,Kolbasa Ovqat Oxot kq,OVQAT KOLBASA QAVYAJAYA KQ 1 KG
0.626,bazarstore,FAVELLI MAKARON 500 Q BURMA,Favelli Makaron Kəpənək 500 qr
0.626,bazarstore,PAYIM SERVELAT SEYYAR KQ 1 KG,Sab Seyyah Servelat 1 1kq 5361
0.626,bazarstore,AURA TUALET KAĞIZI 4 LÜ NAXIŞLI 3 QAT,Aura Tualet Kağızı Ətirli Elevado/fresco 3 Qat 4lü
0.626,bravo,Can-Pa Çiyələk Marmelad kq,CAN PA MARMELAD RULET KQ 1 KG
0.626,neptun,Sandora 250 ml Albalı Şirəsi,SANDORA M.ŞİRƏSİ 250 ML PORTAĞAL
0.626,neptun,Bahlsen Leibniz Peçenye 100 qr,Peçenye Bahlsen Vafli 100qr 4017100219900
0.626,bazarstore,KRESTYANSKOYE BİTKİ YAĞ SPREDİ 1 KQ,Krestiyanskoye Privolye Bitki Tərkibli Yağ 1kq
0.625,bazarstore,GLAZE KONFET ŞOKOLADLI KQ 1 KG,Konfet Kdv Glaze kq
0.625,bazarstore,ALMA FUJI XARICI KQ 1 KG,MVT Alma Qızılı Xarici kq
0.625,neptun,Morosha No2 Araq 0.7L,"Araq Morosha Zapovidna 0,7l 0065"
0.625,bazarstore,SEVİMLİ DAD SERVELAT KÜBAR FINSKAYA KQ 1 KG,Sevimli Dad Kubar Zernistaya Çiy Hisə Verilmiş Servelat 1kq 564
0.625,bazarstore,LƏZZƏT DÜNYASI PAYTAXT SALATI 220 Q,Ləzzət Dünyası Salat Çuğundur 220 qr
0.625,bazarstore,LƏZZƏT DÜNYASI PAYTAXT SALATI 220 Q,Ləzzət Dünyası Salat Karaleva 220 qr
0.625,bravo,Mercan Təzə Toyuq Bacaq Qabda kq,Mercan Təzə Toyuq Bel tiri  1 kq
0.625,bravo,Ahmad Tea Sleep Bitki Çayı (20 əd.),Ahmad Tea Slim Çayı Paket 20əd.
0.625,neptun,Remia Dressing Sezar Sousu Şüşə 250ml,Sous Remia Dressing Caesar 250 Ml
0.625,bazarstore,PALMOLİVE SABUN 90 Q SİTRUS,Palmolive Sabun Albalı 90 qr
0.625,bazarstore,N1 KƏSMİK QURU KQ 1 KG,N1 Sadə Kəsmik kq
0.625,bazarstore,ROSHEN FIZZY BOOM KQ 1 KG,Roshen Fizzy Boom Qarışıq Şüşə Konfet kq
0.624,bravo,Səba Donmuş Toyuq Bud Butulka Qabda 1kq,Mərcan Donmuş Bud Butulka 1 kq
0.624,bazarstore,OVQAT KOLBASA DOKTORSKAYA KQ 1 KG,Ovçular Pepe Doktorskaya Kolbasa Uşaqlar üçün 1kq
0.624,neptun,MVT Şaftalı kq,ŞAFTALI SARI KQ 1 KG
0.624,bazarstore,MENTOS PURE FRESH SAQQIZ 15.5 Q,Mentos Saqqız Fresh Üzüm Draje 15.5 qr
0.624,bazarstore,BASSO ZEYTUN YAĞI 500 ML EXTRA VİRGİN,Zeytun Yağı Basso 500ml Pomace 49248012611
0.624,bazarstore,DOYMAK MAKARON 500 Q İNCƏ SPAGETTİ,Favelli 500 qr Makaron Spagetti
0.624,spar,Simurq Donmuş File Qabda kq,Siyəzən Donmuş File Qabda 1kq 5
0.624,bazarstore,İSLAMİ KƏSİM TƏZƏ FİLE AÇIQ KQ 1 KG,İslami Kəsim File Donmuş Tabaq kg
0.624,bazarstore,DOYMAK MAKARON 500 Q İNCƏ SPAGETTİ,Makaron Garofalo Spagetti 500gr
0.624,neptun,Kolbasa Hicaz Doktorskaya Bişmiş kq,SEVİMLİ DAD KOLBASA DOKTORSLAYA BİŞMİŞ K 1 KG
0.624,bazarstore,SOMAT YUYUCU TOZ 1.5 KQ,"Ezel Yuyucu Toz Avtomat Ağ 1,5 kq"
0.624,bazarstore,FİLİZ MAKARON 500 Q BURGU,Ankara Makaron Burğu 500 qr
0.624,bravo,Roshen Ekler Konfet kq,Roshen Fudgenta Korovka Konfet kq
0.624,neptun,Selpak Havlu 2li Dəsmal,Salfetka Selpak Dəsmal 2li 8690530035034
0.624,neptun,Ariel Automat Rəngli&Style 1.5 kq,"Ariel Automat Wr 1,5kq 8001090767103"
0.623,bazarstore,ANKARA MAKARON 500 Q NUHUN GƏMİSİ,Ankara Makaron Burğu 500 qr
0.623,bazarstore,ANKARA MAKARON 500 Q NUHUN GƏMİSİ,Ankara Makaron Bükmə 500 qr
0.623,bazarstore,BEST BEEF SOSİSKA SOYUTMA KQ 1 KG,Best Beef Ocaq Sosis 1 1kq 3558
0.623,neptun,Ankara Makaron Bükmə 500 qr,ANKARA VİT.MAKARON 500 Q RİGATONİ
0.623,neptun,President Pendir Chizburger 150 qr,Pendir President 150gr Qribi
0.623,bazarstore,HİCAZ TƏZƏ BUD BUTULKA AÇIQ KQ 1 KG,MƏRCAN TƏZƏ TOYUQ BUD BÜTÖV AÇIQ KQ 1 KG
0.623,neptun,Kolbasa Ovqat Oxot kq,OVQAT KOLBASA LYUBİTELSKAYA KQ 1 KG
0.623,bazarstore,ESSEN KONFET 35 ASSORTİ KG 1 KG,Essen Arami Kokoslu Konfet kq
0.623,araz,Simurq Təzə Bud Dibi kq,SİYƏZƏN D.T TƏZƏ BUD DİBİ AÇIQ K 1 KG
0.623,neptun,Doymak Un Əla Növ 1 kq,Un Doymak 1kq 4760013402326
0.623,neptun,Doymak Un Əla Növ 5 kq,Un Doymak 5kq 4760013402333
0.622,bazarstore,DANA BUD ƏTİ SÜMÜKSÜZ KQ 1 KG,BOL ƏT DANA ƏTI SÜMÜKLÜ KQ 1 KG
0.622,bazarstore,OVQAT SARDELKA HALAL KQ 1 KG,Cennet Halal Sardelka kg
0.622,bazarstore,HARMONY QABARTMA TOZU 10 Q 5 LI,Kenton Qabartma Tozu 5-li Paket 10 qr
0.622,bazarstore,NATURA M.ŞİRƏSİ 1 L ƏRİK TP,Natura Albalı Şirəsi 1 l
0.622,bazarstore,HARMONY QABARTMA TOZU 10 Q,Kenton Qabartma Tozu 5-li Paket 10 qr
0.622,bravo,Azərsüd Çanax Pendiri Kq 11981,AZƏRSÜD PENDİR YAĞLI KQ 1 KG
0.622,araz,Kral Halal Vetcina kg,KRAL SARDELKA HALAL KQ 1 KG
0.622,bazarstore,BIZIM TARLA KOMPOT 1 L NEKTARİN,Bizim Tarla Zoğal Kompotu 1 l
0.622,bazarstore,BIZIM TARLA KOMPOT 1 L NEKTARİN,BIZIM TARLA KOMPOT 1 L GİLAS
0.622,bazarstore,HALAL NEMƏT SOSİSKA İMSAK KQ 1 KG,Halal Nemət İmsak Doktorskaya Kq 16690
0.622,bazarstore,MORENA SKUMBRİYA DİLİM S/H VAKUUM KQ 1 KG,DALĞA SKUMBRİYA S/H VAKUUM KQ 1 KG
0.622,araz,Simurq Təzə Bud Butulka kq,HİCAZ TƏZƏ BUD BUTULKA AÇIQ KQ 1 KG
0.622,bazarstore,HALAL DAD HİSƏVERİLMİŞ TOYUQ QANAD KQ 1 KG,Halal Dad Hisə Verilmiş File kq
0.622,neptun,Barilla Makaron Penne Rigate Qutu 500 qr,Makaron Garofalo Penne Ziti Rigate 500gr
0.622,neptun,Simurq Toyuq File Dondurulmush Qabda Kg,QİDAM FİLE DONDURULMUŞ QABDA KQ 1 KG
0.622,bazarstore,BALTIKA PIVE 500 ML SUSE 0.0,BALTİKA PİVƏ 500 ML 7 ŞÜŞƏ
0.622,bazarstore,PROTEX SABUN 150 Q KREM,Sabun Protex Bs Fresh 150qr 8718951273672
0.622,bazarstore,BALTİKA PİVƏ 450 ML 9 ŞÜŞƏ,Baltika №0 Alkolsuz Pivə 450ml
0.622,neptun,Zolotoy Petuşok Toyuq Naggetslər 300 Gr,Zolotoy Petusok Naggets Xirtxirt 300 Qr
0.622,bazarstore,KİLİKYA ŞALĞAM SUYU 1 L ACILI PET,Kilikya Adana 1lt Şalqam Suyu Acılı (Plastik Qabda)
0.622,bazarstore,KOTEX QADIN BEZİ 16 LI SUPER DEO,Kotex Ultra 16lu Qadın Bezi Super 5 Dam Yumuş
0.622,bazarstore,VİCİ KOROLEVSKIYE KREVETKA 1 KQ BAŞLI,Vici Krevetka Başsız 16/20   1kg
0.621,bazarstore,RAC LOKUM FISTIQLI ŞOKOLADLI KQ 1 KG,Şokoladnica Yerfıstıqlı Şokoladlı Vafli kq
0.621,bazarstore,KONTİ SOZVUCHIYE ASSORTİ ŞOKOLAD KQ 1 KG,Şokolad Sorbon Mini Assorti kq
0.621,bazarstore,KONTI ZOLOTOYA LİLİYA KONFET KQ 1 KG,Konti Z Liliya Fındıq və Karamelli Çəki Konfet kq
0.621,bravo,Konti Z Liliya Fındıq və Karamelli Çəki Konfet kq,KONTI ZOLOTOYA LİLİYA KONFET KQ 1 KG
0.621,bazarstore,ZİRƏ POMİDORU KQ 1 KG,Pomidor Zire kg
0.621,bazarstore,ROSHEN BUTTER MILK KARAMEL KQ 1 KG,Roshen Butter-Milk Şokoladlı kq
0.621,bazarstore,BOL ƏT DANA ƏTİ BEL (BİFTEK) KQ 1 KG,Ət Dana Bel Əti Sümüksüz kq
0.621,bazarstore,CAN PA MARMELAD OZEL NAZIK DİLİMLİ KQ 1 KG,CAN PA MARMELAD DİLİM KQ 1 KG
0.621,bazarstore,QIZIL QUYU LİMONAD 1.5 L ARMUD PET,"Qızıl Quyu Limonad Üzüm 1,5 l"
0.621,araz,Ləzzət Donmuş Bud Qabda kg,MƏRCAN BUD DİBİ DONDURULMUŞ QABDA KQ 1 KG
0.621,araz,Şirvan Farş Dondurulmuş kq,QİDAM FARŞ DONDURULMUŞ QABDA KQ 1 KG
0.621,bazarstore,KRASNIY OKTYABR PTICIY MOLOKO SLIVOCN VA 1 KG,Krasniy Oktyabr Ptichye Moloko Cappuchino kq
0.621,bazarstore,SWEET STAR LİMONAD 2 L TƏRXUN,Natakhtari Limonad Tərxun 2 l
0.621,bazarstore,SEVİMLİ DAD BEKON ÇİY HİSƏ VERİLMİŞ KQ 1 KG,Sevimli Dad Kubar Zernistaya Çiy Hisə Verilmiş Servelat 1kq 564
0.621,bazarstore,OGX BALZAM HƏCM NAZİK SAÇ BİOTİN385ML,OGX Biotin Şampun Həcmli və Nazik Saçlar üçün 385 ml
0.62,bazarstore,HALAL DAD HİSƏVERİLMİŞ TOYUQ FİLESİ KQ 1 KG,Rosko Hisə Verilmiş Toyuq Filesi 1 kq
0.62,bravo,Mərcan Donmuş Toyuq Qanadi Qab 1kq 3624,MƏRCAN QOŞA TOYUQ DONDURULMUŞ QABDA K 1 KG
0.62,araz,Mercan Paket Toyuq Dondurulmuş 1kq,İSLAMİ KƏSİM SALAFAN TOYUQ DONDURULMUŞ K 1 KG
0.62,araz,Mercan Toyuq Dondurulmuş 1kq,İSLAMİ KƏSİM SALAFAN TOYUQ DONDURULMUŞ K 1 KG
0.62,bazarstore,ÇERKİZ KOLBASA OSOBAYA BİŞMİŞ KQ 1 KG,Cherkizovo Moloçnaya Bişmiş Kolbasa kq
